1,102,2,Enormous Slow
2,103,1,Slow Miniscule
3,104,2,Enormous Miniscule
4,105,2,Clean Slow
5,106,5,Clean Miniscule
6,107,5,Slow Gently Used
7,108,3,Squeaky Gently Used
8,109,2,Clean Gently Used
9,110,4,Enormous Clean
10,111,5,Slow Gently Used
11,112,4,Enormous Gently Used
12,113,4,Clean Enormous
13,114,3,Clean Squeaky
14,115,1,Enormous Miniscule
15,116,2,Slow Enormous
16,117,3,Gently Used Miniscule
17,118,5,Gently Used Clean
18,119,2,Slow Gently Used
19,120,1,Enormous Slow
20,121,2,Clean Slow
21,122,2,Gently Used Miniscule
22,123,2,Squeaky Slow
23,124,3,Slow Miniscule
24,125,4,Enormous Squeaky
25,126,4,Slow Squeaky
26,127,2,Miniscule Squeaky
27,128,4,Miniscule Clean
28,129,1,Miniscule Squeaky
29,130,5,Slow Clean
30,131,5,Clean Enormous
31,132,1,Gently Used Slow
32,133,1,Squeaky Miniscule
33,134,5,Squeaky Miniscule
34,135,5,Clean Enormous
35,136,5,Clean Squeaky
36,137,3,Slow Miniscule
37,138,5,Slow Enormous
38,139,4,Gently Used Slow
39,140,2,Clean Gently Used
40,141,4,Enormous Miniscule
41,142,4,Clean Squeaky
42,143,1,Slow Clean
43,144,1,Clean Squeaky
44,145,4,Enormous Miniscule
45,146,3,Gently Used Miniscule
46,147,1,Gently Used Slow
47,148,3,Slow Gently Used
48,149,5,Clean Squeaky
49,150,1,Clean Gently Used
50,151,4,Clean Miniscule
51,152,2,Enormous Miniscule
52,153,3,Slow Enormous
53,154,5,Squeaky Gently Used
54,155,2,Gently Used Enormous
55,156,1,Squeaky Miniscule
56,157,5,Slow Gently Used
57,158,1,Clean Enormous
58,159,5,Squeaky Miniscule
59,160,2,Slow Gently Used
60,161,3,Clean Enormous
61,162,4,Squeaky Enormous
62,163,5,Squeaky Slow
63,164,4,Gently Used Clean
64,165,4,Slow Enormous
65,166,4,Clean Miniscule
66,167,1,Clean Gently Used
67,168,1,Slow Gently Used
68,169,4,Miniscule Enormous
69,170,1,Slow Squeaky
70,171,1,Clean Gently Used
71,172,3,Enormous Miniscule
72,173,1,Enormous Squeaky
73,174,3,Slow Enormous
74,175,5,Enormous Slow
75,176,4,Enormous Gently Used
76,177,3,Gently Used Miniscule
77,178,3,Clean Squeaky
78,179,2,Slow Clean
79,180,2,Gently Used Clean
80,181,3,Gently Used Enormous
81,182,5,Gently Used Clean
82,183,2,Gently Used Enormous
83,184,4,Gently Used Slow
84,185,3,Slow Gently Used
85,186,2,Miniscule Enormous
86,187,1,Enormous Clean
87,188,2,Miniscule Squeaky
88,189,4,Squeaky Clean
89,190,1,Enormous Clean
90,191,2,Miniscule Slow
91,192,1,Enormous Squeaky
92,193,4,Enormous Miniscule
93,194,4,Enormous Clean
94,195,5,Squeaky Slow
95,196,5,Enormous Miniscule
96,197,3,Clean Gently Used
97,198,2,Gently Used Clean
98,199,3,Enormous Slow
99,200,4,Gently Used Squeaky
100,201,2,Gently Used Miniscule
101,202,5,Squeaky Enormous
102,203,2,Miniscule Enormous
103,204,4,Miniscule Squeaky
104,205,1,Squeaky Miniscule
105,206,5,Clean Enormous
106,207,4,Slow Enormous
107,208,2,Enormous Miniscule
108,209,2,Miniscule Slow
109,210,3,Squeaky Gently Used
110,211,4,Enormous Squeaky
111,212,2,Clean Gently Used
112,213,4,Miniscule Enormous
113,214,1,Miniscule Clean
114,215,2,Enormous Slow
115,216,3,Squeaky Slow
116,217,5,Enormous Clean
117,218,2,Squeaky Miniscule
118,219,2,Clean Slow
119,220,3,Squeaky Enormous
120,221,5,Squeaky Miniscule
121,222,1,Squeaky Enormous
122,223,5,Squeaky Enormous
123,224,1,Clean Slow
124,225,3,Enormous Slow
125,226,2,Squeaky Enormous
126,227,5,Slow Enormous
127,228,1,Enormous Miniscule
128,229,2,Gently Used Enormous
129,230,5,Enormous Clean
130,231,5,Gently Used Clean
131,232,3,Clean Enormous
132,233,4,Squeaky Gently Used
133,234,4,Clean Gently Used
134,235,4,Enormous Squeaky
135,236,3,Miniscule Enormous
136,237,5,Gently Used Enormous
137,238,1,Squeaky Gently Used
138,239,2,Gently Used Miniscule
139,240,1,Miniscule Enormous
140,241,1,Slow Clean
141,242,5,Slow Enormous
142,243,5,Miniscule Gently Used
143,244,2,Slow Miniscule
144,245,4,Slow Gently Used
145,246,4,Enormous Slow
146,247,2,Squeaky Enormous
147,248,5,Miniscule Squeaky
148,249,4,Miniscule Slow
149,250,1,Slow Clean
150,251,3,Gently Used Squeaky
151,252,4,Miniscule Squeaky
152,253,4,Miniscule Squeaky
153,254,4,Slow Miniscule
154,255,2,Gently Used Miniscule
155,256,5,Enormous Miniscule
156,257,4,Gently Used Squeaky
157,258,5,Gently Used Squeaky
158,259,2,Slow Miniscule
159,260,4,Squeaky Gently Used
160,261,1,Enormous Clean
161,262,5,Squeaky Enormous
162,263,1,Miniscule Squeaky
163,264,5,Enormous Gently Used
164,265,1,Miniscule Clean
165,266,1,Slow Gently Used
166,267,2,Miniscule Enormous
167,268,2,Slow Clean
168,269,1,Enormous Clean
169,270,3,Enormous Miniscule
170,271,3,Enormous Clean
171,272,5,Gently Used Miniscule
172,273,3,Squeaky Miniscule
173,274,3,Gently Used Enormous
174,275,1,Gently Used Slow
175,276,4,Squeaky Slow
176,277,1,Slow Squeaky
177,278,2,Gently Used Miniscule
178,279,1,Enormous Gently Used
179,280,2,Slow Miniscule
180,281,2,Slow Miniscule
181,282,5,Miniscule Slow
182,283,4,Clean Squeaky
183,284,1,Slow Miniscule
184,285,3,Slow Squeaky
185,286,1,Squeaky Miniscule
186,287,3,Miniscule Gently Used
187,288,3,Gently Used Enormous
188,289,2,Clean Slow
189,290,4,Miniscule Clean
190,291,1,Squeaky Clean
191,292,5,Enormous Miniscule
192,293,3,Clean Slow
193,294,5,Gently Used Squeaky
194,295,5,Slow Enormous
195,296,5,Gently Used Slow
196,297,5,Miniscule Slow
197,298,5,Slow Squeaky
198,299,1,Enormous Gently Used
199,300,3,Miniscule Gently Used
200,301,1,Squeaky Slow
201,302,1,Miniscule Clean
202,303,4,Miniscule Gently Used
203,304,1,Slow Gently Used
204,305,4,Slow Enormous
205,306,4,Gently Used Slow
206,307,1,Slow Clean
207,308,5,Miniscule Enormous
208,309,3,Enormous Squeaky
209,310,5,Miniscule Slow
210,311,4,Slow Gently Used
211,312,5,Clean Squeaky
212,313,4,Enormous Slow
213,314,2,Gently Used Squeaky
214,315,5,Miniscule Clean
215,316,1,Miniscule Clean
216,317,2,Miniscule Squeaky
217,318,3,Squeaky Miniscule
218,319,3,Squeaky Slow
219,320,3,Enormous Slow
220,321,2,Miniscule Squeaky
221,322,2,Gently Used Slow
222,323,1,Squeaky Clean
223,324,3,Clean Gently Used
224,325,1,Squeaky Gently Used
225,326,2,Squeaky Enormous
226,327,4,Slow Enormous
227,328,4,Miniscule Clean
228,329,2,Enormous Squeaky
229,330,5,Squeaky Miniscule
230,331,2,Clean Enormous
231,332,1,Squeaky Gently Used
232,333,3,Slow Squeaky
233,334,2,Enormous Squeaky
234,335,3,Clean Slow
235,336,3,Miniscule Enormous
236,337,3,Gently Used Clean
237,338,5,Gently Used Squeaky
238,339,3,Slow Gently Used
239,340,1,Squeaky Miniscule
240,341,5,Slow Miniscule
241,342,5,Slow Clean
242,343,3,Slow Gently Used
243,344,5,Clean Gently Used
244,345,4,Gently Used Enormous
245,346,2,Clean Gently Used
246,347,1,Enormous Gently Used
247,348,4,Clean Slow
248,349,4,Miniscule Gently Used
249,350,3,Enormous Miniscule
250,351,4,Gently Used Squeaky
251,352,4,Miniscule Gently Used
252,353,5,Slow Clean
253,354,5,Enormous Gently Used
254,355,3,Enormous Clean
255,356,1,Clean Enormous
256,357,4,Clean Gently Used
257,358,3,Gently Used Slow
258,359,1,Squeaky Enormous
259,360,1,Enormous Slow
260,361,2,Slow Gently Used
261,362,4,Slow Squeaky
262,363,3,Enormous Gently Used
263,364,4,Clean Enormous
264,365,5,Miniscule Clean
265,366,4,Gently Used Clean
266,367,1,Enormous Slow
267,368,2,Slow Gently Used
268,369,5,Enormous Clean
269,370,1,Slow Miniscule
270,371,2,Clean Slow
271,372,4,Miniscule Clean
272,373,4,Clean Slow
273,374,2,Miniscule Enormous
274,375,2,Gently Used Clean
275,376,1,Enormous Clean
276,377,3,Slow Squeaky
277,378,1,Squeaky Miniscule
278,379,3,Gently Used Clean
279,380,4,Clean Slow
280,381,3,Gently Used Slow
281,382,1,Clean Miniscule
282,383,1,Miniscule Gently Used
283,384,1,Squeaky Enormous
284,385,1,Clean Miniscule
285,386,5,Clean Gently Used
286,387,4,Slow Clean
287,388,5,Slow Clean
288,389,3,Gently Used Miniscule
289,390,3,Miniscule Squeaky
290,391,5,Clean Gently Used
291,392,4,Miniscule Enormous
292,393,2,Clean Squeaky
293,394,4,Gently Used Slow
294,395,2,Slow Gently Used
295,396,3,Miniscule Gently Used
296,397,1,Clean Miniscule
297,398,5,Clean Gently Used
298,399,2,Enormous Miniscule
299,400,3,Enormous Squeaky
300,401,5,Clean Miniscule
301,402,4,Miniscule Gently Used
302,403,5,Enormous Miniscule
303,404,1,Squeaky Miniscule
304,405,2,Squeaky Gently Used
305,406,2,Enormous Miniscule
306,407,4,Enormous Squeaky
307,408,5,Clean Miniscule
308,409,2,Squeaky Gently Used
309,410,1,Clean Slow
310,411,5,Slow Squeaky
311,412,3,Clean Slow
312,413,2,Miniscule Gently Used
313,414,5,Squeaky Gently Used
314,415,2,Gently Used Slow
315,416,4,Miniscule Gently Used
316,417,1,Slow Clean
317,418,4,Slow Gently Used
318,419,1,Gently Used Miniscule
319,420,2,Slow Enormous
320,421,4,Enormous Slow
321,422,3,Gently Used Squeaky
322,423,4,Squeaky Slow
323,424,1,Squeaky Enormous
324,425,5,Squeaky Gently Used
325,426,5,Squeaky Enormous
326,427,1,Gently Used Clean
327,428,1,Enormous Gently Used
328,429,5,Clean Gently Used
329,430,4,Clean Enormous
330,431,5,Slow Miniscule
331,432,3,Squeaky Miniscule
332,433,2,Enormous Miniscule
333,434,5,Clean Miniscule
334,435,2,Enormous Gently Used
335,436,2,Slow Gently Used
336,437,1,Miniscule Enormous
337,438,2,Gently Used Enormous
338,439,1,Gently Used Clean
339,440,2,Miniscule Squeaky
340,441,4,Enormous Slow
341,442,5,Clean Enormous
342,443,1,Squeaky Enormous
343,444,2,Gently Used Squeaky
344,445,4,Gently Used Slow
345,446,3,Slow Squeaky
346,447,5,Squeaky Enormous
347,448,3,Enormous Gently Used
348,449,3,Squeaky Miniscule
349,450,4,Enormous Gently Used
350,451,3,Squeaky Gently Used
351,452,5,Enormous Clean
352,453,3,Squeaky Slow
353,454,1,Slow Gently Used
354,455,2,Squeaky Slow
355,456,2,Slow Enormous
356,457,1,Gently Used Clean
357,458,2,Clean Slow
358,459,2,Squeaky Gently Used
359,460,1,Enormous Gently Used
360,461,2,Clean Squeaky
361,462,5,Squeaky Gently Used
362,463,5,Enormous Miniscule
363,464,2,Slow Enormous
364,465,1,Slow Gently Used
365,466,3,Miniscule Squeaky
366,467,1,Gently Used Slow
367,468,1,Enormous Gently Used
368,469,4,Enormous Slow
369,470,3,Clean Squeaky
370,471,1,Miniscule Clean
371,472,3,Enormous Gently Used
372,473,1,Miniscule Clean
373,474,1,Slow Miniscule
374,475,3,Squeaky Enormous
375,476,2,Clean Squeaky
376,477,4,Gently Used Clean
377,478,2,Enormous Slow
378,479,1,Clean Gently Used
379,480,1,Squeaky Enormous
380,481,2,Clean Enormous
381,482,4,Gently Used Enormous
382,483,1,Clean Squeaky
383,484,5,Enormous Gently Used
384,485,4,Slow Enormous
385,486,1,Gently Used Miniscule
386,487,5,Clean Gently Used
387,488,4,Squeaky Slow
388,489,3,Clean Miniscule
389,490,3,Enormous Gently Used
390,491,5,Enormous Slow
391,492,4,Squeaky Miniscule
392,493,5,Gently Used Miniscule
393,494,3,Clean Squeaky
394,495,2,Squeaky Clean
395,496,3,Clean Slow
396,497,1,Clean Miniscule
397,498,1,Slow Gently Used
398,499,4,Gently Used Squeaky
399,500,1,Squeaky Enormous
400,501,3,Enormous Clean
401,502,4,Slow Gently Used
402,503,4,Slow Gently Used
403,504,2,Enormous Clean
404,505,1,Gently Used Slow
405,506,1,Squeaky Gently Used
406,507,4,Gently Used Miniscule
407,508,1,Clean Enormous
408,509,4,Clean Enormous
409,510,5,Enormous Gently Used
410,511,2,Miniscule Clean
411,512,2,Slow Clean
412,513,3,Miniscule Slow
413,514,4,Squeaky Slow
414,515,4,Clean Enormous
415,516,3,Squeaky Clean
416,517,3,Slow Enormous
417,518,5,Miniscule Slow
418,519,3,Clean Slow
419,520,5,Miniscule Squeaky
420,521,1,Miniscule Clean
421,522,5,Enormous Clean
422,523,4,Clean Slow
423,524,3,Squeaky Enormous
424,525,5,Gently Used Squeaky
425,526,4,Slow Squeaky
426,527,2,Clean Miniscule
427,528,2,Enormous Gently Used
428,529,3,Slow Enormous
429,530,5,Slow Miniscule
430,531,3,Miniscule Squeaky
431,532,3,Slow Miniscule
432,533,5,Miniscule Gently Used
433,534,2,Miniscule Gently Used
434,535,3,Slow Enormous
435,536,2,Enormous Gently Used
436,537,4,Gently Used Miniscule
437,538,5,Clean Slow
438,539,2,Enormous Miniscule
439,540,4,Clean Miniscule
440,541,1,Slow Clean
441,542,2,Gently Used Enormous
442,543,3,Gently Used Enormous
443,544,2,Slow Clean
444,545,3,Clean Slow
445,546,5,Gently Used Squeaky
446,547,4,Enormous Miniscule
447,548,4,Miniscule Enormous
448,549,3,Squeaky Slow
449,550,2,Squeaky Miniscule
450,551,1,Gently Used Squeaky
451,552,1,Enormous Squeaky
452,553,3,Clean Miniscule
453,554,2,Gently Used Enormous
454,555,3,Enormous Miniscule
455,556,1,Gently Used Enormous
456,557,4,Gently Used Miniscule
457,558,2,Clean Enormous
458,559,1,Enormous Miniscule
459,560,2,Gently Used Slow
460,561,3,Miniscule Gently Used
461,562,3,Slow Enormous
462,563,5,Miniscule Slow
463,564,2,Gently Used Enormous
464,565,3,Squeaky Enormous
465,566,2,Squeaky Slow
466,567,1,Slow Clean
467,568,3,Gently Used Miniscule
468,569,2,Gently Used Slow
469,570,3,Clean Miniscule
470,571,1,Miniscule Clean
471,572,1,Miniscule Clean
472,573,2,Squeaky Gently Used
473,574,3,Clean Slow
474,575,1,Slow Gently Used
475,576,1,Slow Enormous
476,577,4,Miniscule Enormous
477,578,5,Gently Used Slow
478,579,3,Squeaky Slow
479,580,4,Enormous Miniscule
480,581,4,Enormous Clean
481,582,4,Gently Used Squeaky
482,583,5,Enormous Clean
483,584,5,Miniscule Enormous
484,585,5,Squeaky Gently Used
485,586,2,Squeaky Miniscule
486,587,2,Squeaky Gently Used
487,588,5,Clean Miniscule
488,589,1,Enormous Clean
489,590,2,Enormous Gently Used
490,591,4,Enormous Gently Used
491,592,4,Gently Used Miniscule
492,593,5,Slow Clean
493,594,3,Miniscule Clean
494,595,5,Miniscule Squeaky
495,596,2,Squeaky Enormous
496,597,4,Gently Used Slow
497,598,3,Enormous Squeaky
498,599,4,Gently Used Enormous
499,600,1,Squeaky Gently Used
500,601,4,Enormous Miniscule
501,602,3,Miniscule Clean
502,603,5,Clean Squeaky
503,604,2,Squeaky Clean
504,605,4,Enormous Clean
505,606,2,Clean Miniscule
506,607,4,Clean Gently Used
507,608,4,Enormous Miniscule
508,609,5,Miniscule Gently Used
509,610,4,Squeaky Miniscule
510,611,5,Clean Gently Used
511,612,1,Gently Used Slow
512,613,1,Gently Used Squeaky
513,614,1,Squeaky Miniscule
514,615,3,Slow Squeaky
515,616,2,Clean Miniscule
516,617,2,Enormous Miniscule
517,618,4,Miniscule Gently Used
518,619,3,Enormous Clean
519,620,5,Gently Used Slow
520,621,1,Slow Gently Used
521,622,1,Slow Clean
522,623,1,Squeaky Gently Used
523,624,3,Enormous Gently Used
524,625,2,Slow Enormous
525,626,5,Slow Gently Used
526,627,2,Squeaky Miniscule
527,628,4,Clean Squeaky
528,629,1,Enormous Clean
529,630,2,Miniscule Squeaky
530,631,3,Slow Enormous
531,632,2,Miniscule Gently Used
532,633,2,Miniscule Enormous
533,634,4,Squeaky Clean
534,635,4,Enormous Squeaky
535,636,2,Gently Used Miniscule
536,637,2,Miniscule Enormous
537,638,4,Squeaky Miniscule
538,639,3,Clean Slow
539,640,3,Squeaky Enormous
540,641,5,Enormous Clean
541,642,3,Slow Gently Used
542,643,4,Slow Squeaky
543,644,2,Slow Gently Used
544,645,3,Slow Clean
545,646,2,Miniscule Slow
546,647,1,Clean Gently Used
547,648,1,Slow Clean
548,649,1,Slow Enormous
549,650,2,Gently Used Squeaky
550,651,4,Gently Used Squeaky
551,652,5,Miniscule Squeaky
552,653,1,Miniscule Slow
553,654,4,Slow Gently Used
554,655,5,Clean Squeaky
555,656,2,Clean Squeaky
556,657,4,Squeaky Enormous
557,658,1,Enormous Slow
558,659,4,Clean Enormous
559,660,1,Enormous Gently Used
560,661,1,Gently Used Miniscule
561,662,5,Enormous Squeaky
562,663,3,Miniscule Slow
563,664,5,Miniscule Clean
564,665,3,Squeaky Clean
565,666,4,Clean Gently Used
566,667,4,Enormous Clean
567,668,2,Clean Gently Used
568,669,1,Slow Enormous
569,670,5,Enormous Slow
570,671,1,Squeaky Slow
571,672,2,Clean Slow
572,673,2,Gently Used Clean
573,674,3,Squeaky Slow
574,675,3,Enormous Miniscule
575,676,3,Miniscule Slow
576,677,5,Gently Used Squeaky
577,678,4,Clean Slow
578,679,3,Squeaky Enormous
579,680,3,Gently Used Miniscule
580,681,5,Enormous Clean
581,682,1,Squeaky Clean
582,683,2,Miniscule Slow
583,684,5,Slow Clean
584,685,5,Miniscule Clean
585,686,1,Slow Squeaky
586,687,3,Slow Enormous
587,688,3,Slow Enormous
588,689,4,Clean Squeaky
589,690,1,Clean Squeaky
590,691,1,Slow Enormous
591,692,5,Gently Used Enormous
592,693,1,Gently Used Enormous
593,694,3,Clean Miniscule
594,695,2,Gently Used Enormous
595,696,3,Clean Enormous
596,697,4,Squeaky Miniscule
597,698,1,Squeaky Clean
598,699,1,Miniscule Gently Used
599,700,1,Clean Slow
600,701,3,Clean Gently Used
601,702,2,Miniscule Enormous
602,703,4,Squeaky Clean
603,704,2,Enormous Miniscule
604,705,1,Squeaky Gently Used
605,706,2,Enormous Gently Used
606,707,1,Clean Gently Used
607,708,1,Slow Squeaky
608,709,2,Miniscule Squeaky
609,710,5,Clean Slow
610,711,4,Gently Used Clean
611,712,5,Clean Squeaky
612,713,2,Squeaky Enormous
613,714,3,Squeaky Slow
614,715,3,Squeaky Enormous
615,716,2,Gently Used Slow
616,717,1,Miniscule Gently Used
617,718,4,Gently Used Clean
618,719,4,Miniscule Squeaky
619,720,5,Slow Squeaky
620,721,2,Gently Used Enormous
621,722,3,Enormous Miniscule
622,723,3,Slow Gently Used
623,724,1,Gently Used Squeaky
624,725,2,Slow Squeaky
625,726,4,Clean Enormous
626,727,3,Slow Squeaky
627,728,3,Miniscule Enormous
628,729,4,Slow Enormous
629,730,1,Clean Gently Used
630,731,4,Squeaky Enormous
631,732,3,Clean Squeaky
632,733,3,Squeaky Enormous
633,734,1,Clean Slow
634,735,2,Squeaky Slow
635,736,3,Clean Enormous
636,737,2,Slow Squeaky
637,738,4,Squeaky Clean
638,739,2,Gently Used Clean
639,740,5,Gently Used Squeaky
640,741,1,Miniscule Gently Used
641,742,4,Slow Enormous
642,743,3,Gently Used Enormous
643,744,5,Gently Used Enormous
644,745,4,Clean Gently Used
645,746,2,Enormous Squeaky
646,747,5,Enormous Clean
647,748,5,Clean Slow
648,749,2,Enormous Clean
649,750,3,Squeaky Clean
650,751,3,Miniscule Squeaky
651,752,1,Enormous Squeaky
652,753,2,Enormous Miniscule
653,754,4,Enormous Squeaky
654,755,5,Gently Used Clean
655,756,1,Squeaky Clean
656,757,4,Enormous Slow
657,758,5,Clean Miniscule
658,759,2,Clean Slow
659,760,3,Gently Used Squeaky
660,761,1,Miniscule Gently Used
661,762,2,Gently Used Clean
662,763,1,Slow Squeaky
663,764,5,Slow Gently Used
664,765,5,Gently Used Enormous
665,766,5,Enormous Squeaky
666,767,4,Gently Used Miniscule
667,768,1,Enormous Gently Used
668,769,4,Slow Miniscule
669,770,3,Enormous Miniscule
670,771,5,Clean Squeaky
671,772,5,Squeaky Gently Used
672,773,1,Slow Squeaky
673,774,5,Clean Gently Used
674,775,4,Slow Miniscule
675,776,2,Clean Gently Used
676,777,1,Miniscule Enormous
677,778,1,Miniscule Slow
678,779,1,Clean Slow
679,780,5,Enormous Gently Used
680,781,5,Gently Used Enormous
681,782,4,Miniscule Clean
682,783,5,Squeaky Miniscule
683,784,4,Slow Clean
684,785,4,Miniscule Enormous
685,786,3,Slow Squeaky
686,787,5,Enormous Clean
687,788,4,Squeaky Enormous
688,789,3,Clean Gently Used
689,790,5,Squeaky Clean
690,791,3,Miniscule Gently Used
691,792,2,Squeaky Slow
692,793,1,Miniscule Squeaky
693,794,4,Squeaky Enormous
694,795,4,Clean Slow
695,796,3,Miniscule Squeaky
696,797,2,Squeaky Gently Used
697,798,2,Enormous Slow
698,799,3,Gently Used Miniscule
699,800,3,Squeaky Slow
700,801,2,Squeaky Gently Used
701,802,3,Gently Used Slow
702,803,1,Squeaky Slow
703,804,1,Clean Squeaky
704,805,5,Clean Enormous
705,806,3,Slow Clean
706,807,5,Clean Enormous
707,808,1,Enormous Clean
708,809,1,Miniscule Clean
709,810,5,Miniscule Clean
710,811,4,Miniscule Enormous
711,812,5,Gently Used Miniscule
712,813,3,Enormous Gently Used
713,814,4,Miniscule Clean
714,815,1,Slow Clean
715,816,5,Slow Squeaky
716,817,2,Gently Used Squeaky
717,818,2,Miniscule Squeaky
718,819,3,Miniscule Squeaky
719,820,3,Miniscule Slow
720,821,2,Slow Squeaky
721,822,2,Miniscule Gently Used
722,823,5,Miniscule Squeaky
723,824,5,Squeaky Miniscule
724,825,3,Slow Miniscule
725,826,1,Gently Used Slow
726,827,3,Clean Gently Used
727,828,5,Squeaky Enormous
728,829,1,Gently Used Enormous
729,830,3,Clean Enormous
730,831,3,Slow Enormous
731,832,1,Miniscule Enormous
732,833,1,Gently Used Squeaky
733,834,4,Miniscule Gently Used
734,835,3,Clean Miniscule
735,836,4,Squeaky Slow
736,837,3,Slow Miniscule
737,838,1,Enormous Squeaky
738,839,2,Slow Clean
739,840,2,Miniscule Clean
740,841,5,Slow Clean
741,842,2,Enormous Slow
742,843,4,Clean Squeaky
743,844,3,Enormous Slow
744,845,3,Enormous Clean
745,846,2,Miniscule Enormous
746,847,4,Enormous Squeaky
747,848,3,Miniscule Slow
748,849,1,Squeaky Clean
749,850,4,Miniscule Gently Used
750,851,3,Gently Used Squeaky
751,852,5,Slow Clean
752,853,5,Miniscule Slow
753,854,3,Slow Clean
754,855,2,Miniscule Gently Used
755,856,5,Gently Used Clean
756,857,4,Clean Enormous
757,858,4,Enormous Squeaky
758,859,3,Slow Enormous
759,860,1,Enormous Slow
760,861,2,Slow Clean
761,862,2,Enormous Squeaky
762,863,3,Squeaky Gently Used
763,864,5,Slow Gently Used
764,865,2,Slow Gently Used
765,866,1,Gently Used Squeaky
766,867,3,Squeaky Clean
767,868,1,Slow Gently Used
768,869,1,Clean Gently Used
769,870,1,Squeaky Enormous
770,871,4,Squeaky Gently Used
771,872,4,Squeaky Miniscule
772,873,1,Enormous Clean
773,874,2,Gently Used Clean
774,875,3,Slow Miniscule
775,876,4,Slow Squeaky
776,877,4,Enormous Gently Used
777,878,2,Gently Used Miniscule
778,879,1,Clean Squeaky
779,880,5,Enormous Squeaky
780,881,2,Miniscule Clean
781,882,2,Squeaky Gently Used
782,883,1,Clean Miniscule
783,884,5,Enormous Squeaky
784,885,4,Enormous Slow
785,886,5,Slow Squeaky
786,887,3,Slow Clean
787,888,3,Gently Used Miniscule
788,889,5,Gently Used Slow
789,890,4,Miniscule Slow
790,891,3,Gently Used Slow
791,892,2,Enormous Slow
792,893,5,Enormous Gently Used
793,894,5,Miniscule Clean
794,895,3,Squeaky Enormous
795,896,4,Gently Used Miniscule
796,897,5,Gently Used Miniscule
797,898,5,Gently Used Squeaky
798,899,4,Clean Gently Used
799,900,2,Miniscule Gently Used
800,901,4,Enormous Slow
801,902,1,Squeaky Clean
802,903,5,Squeaky Enormous
803,904,1,Squeaky Gently Used
804,905,4,Miniscule Gently Used
805,906,4,Squeaky Slow
806,907,4,Slow Enormous
807,908,3,Miniscule Slow
808,909,3,Gently Used Clean
809,910,1,Gently Used Squeaky
810,911,5,Gently Used Slow
811,912,1,Squeaky Enormous
812,913,1,Gently Used Enormous
813,914,2,Slow Enormous
814,915,5,Squeaky Miniscule
815,916,1,Clean Slow
816,917,2,Enormous Slow
817,918,2,Enormous Clean
818,919,4,Enormous Clean
819,920,3,Squeaky Miniscule
820,921,2,Clean Enormous
821,922,5,Miniscule Gently Used
822,923,1,Gently Used Clean
823,924,3,Enormous Squeaky
824,925,2,Enormous Clean
825,926,3,Miniscule Clean
826,927,5,Miniscule Clean
827,928,3,Clean Gently Used
828,929,2,Squeaky Slow
829,930,2,Clean Gently Used
830,931,1,Miniscule Squeaky
831,932,2,Clean Gently Used
832,933,5,Clean Enormous
833,934,5,Enormous Clean
834,935,3,Squeaky Miniscule
835,936,5,Miniscule Squeaky
836,937,4,Slow Enormous
837,938,5,Clean Gently Used
838,939,5,Enormous Clean
839,940,5,Slow Clean
840,941,2,Gently Used Miniscule
841,942,5,Miniscule Enormous
842,943,1,Gently Used Squeaky
843,944,5,Enormous Slow
844,945,5,Enormous Squeaky
845,946,1,Clean Slow
846,947,1,Slow Gently Used
847,948,4,Gently Used Squeaky
848,949,4,Gently Used Slow
849,950,1,Miniscule Slow
850,951,4,Gently Used Slow
851,952,5,Gently Used Clean
852,953,5,Slow Gently Used
853,954,4,Clean Miniscule
854,955,3,Clean Enormous
855,956,2,Clean Squeaky
856,957,2,Squeaky Enormous
857,958,4,Miniscule Gently Used
858,959,5,Enormous Slow
859,960,5,Squeaky Slow
860,961,2,Squeaky Slow
861,962,4,Gently Used Slow
862,963,5,Miniscule Squeaky
863,964,5,Clean Enormous
864,965,3,Gently Used Slow
865,966,4,Enormous Miniscule
866,967,1,Squeaky Slow
867,968,2,Miniscule Gently Used
868,969,4,Squeaky Clean
869,970,4,Miniscule Gently Used
870,971,2,Gently Used Miniscule
871,972,3,Enormous Slow
872,973,5,Gently Used Squeaky
873,974,2,Miniscule Enormous
874,975,5,Squeaky Clean
875,976,5,Clean Miniscule
876,977,1,Miniscule Clean
877,978,2,Gently Used Squeaky
878,979,5,Enormous Clean
879,980,1,Enormous Clean
880,981,1,Slow Clean
881,982,3,Squeaky Gently Used
882,983,1,Miniscule Clean
883,984,5,Slow Squeaky
884,985,1,Miniscule Gently Used
885,986,3,Gently Used Slow
886,987,2,Enormous Miniscule
887,988,4,Gently Used Miniscule
888,989,1,Gently Used Enormous
889,990,5,Miniscule Squeaky
890,991,1,Clean Miniscule
891,992,4,Clean Enormous
892,993,2,Clean Squeaky
893,994,5,Clean Squeaky
894,995,4,Gently Used Clean
895,996,1,Gently Used Squeaky
896,997,2,Enormous Slow
897,998,1,Slow Clean
898,999,4,Squeaky Slow
899,1000,2,Slow Enormous
900,1001,5,Squeaky Clean
901,1002,4,Miniscule Clean
902,1003,3,Miniscule Gently Used
903,1004,1,Miniscule Slow
904,1005,5,Clean Enormous
905,1006,3,Clean Enormous
906,1007,1,Clean Enormous
907,1008,4,Slow Squeaky
908,1009,1,Gently Used Squeaky
909,1010,2,Miniscule Gently Used
910,1011,5,Enormous Gently Used
911,1012,4,Gently Used Miniscule
912,1013,5,Miniscule Clean
913,1014,1,Slow Gently Used
914,1015,1,Clean Slow
915,1016,2,Clean Miniscule
916,1017,5,Miniscule Squeaky
917,1018,5,Enormous Slow
918,1019,4,Miniscule Slow
919,1020,5,Miniscule Clean
920,1021,5,Clean Gently Used
921,1022,3,Clean Gently Used
922,1023,1,Enormous Gently Used
923,1024,4,Squeaky Enormous
924,1025,5,Clean Gently Used
925,1026,1,Slow Clean
926,1027,4,Squeaky Enormous
927,1028,2,Slow Miniscule
928,1029,3,Gently Used Enormous
929,1030,2,Enormous Slow
930,1031,5,Slow Gently Used
931,1032,4,Gently Used Enormous
932,1033,5,Slow Enormous
933,1034,5,Enormous Squeaky
934,1035,4,Squeaky Slow
935,1036,4,Gently Used Slow
936,1037,2,Gently Used Squeaky
937,1038,5,Squeaky Slow
938,1039,4,Gently Used Clean
939,1040,1,Squeaky Miniscule
940,1041,3,Clean Slow
941,1042,3,Enormous Miniscule
942,1043,4,Squeaky Miniscule
943,1044,5,Squeaky Enormous
944,1045,1,Clean Enormous
945,1046,4,Clean Squeaky
946,1047,1,Miniscule Clean
947,1048,2,Miniscule Clean
948,1049,5,Clean Slow
949,1050,3,Miniscule Clean
950,1051,2,Squeaky Gently Used
951,1052,2,Clean Miniscule
952,1053,1,Miniscule Slow
953,1054,1,Squeaky Gently Used
954,1055,2,Enormous Slow
955,1056,4,Gently Used Clean
956,1057,4,Squeaky Gently Used
957,1058,4,Squeaky Miniscule
958,1059,3,Enormous Gently Used
959,1060,4,Squeaky Slow
960,1061,4,Enormous Squeaky
961,1062,5,Slow Miniscule
962,1063,3,Enormous Gently Used
963,1064,5,Clean Squeaky
964,1065,5,Gently Used Enormous
965,1066,2,Gently Used Clean
966,1067,1,Clean Enormous
967,1068,5,Slow Squeaky
968,1069,1,Clean Enormous
969,1070,4,Miniscule Enormous
970,1071,3,Miniscule Slow
971,1072,3,Squeaky Clean
972,1073,1,Enormous Gently Used
973,1074,2,Enormous Slow
974,1075,3,Enormous Miniscule
975,1076,4,Miniscule Slow
976,1077,3,Miniscule Squeaky
977,1078,1,Miniscule Enormous
978,1079,5,Squeaky Slow
979,1080,4,Squeaky Miniscule
980,1081,4,Clean Squeaky
981,1082,2,Slow Squeaky
982,1083,5,Slow Clean
983,1084,5,Enormous Gently Used
984,1085,1,Gently Used Squeaky
985,1086,3,Squeaky Clean
986,1087,1,Slow Clean
987,1088,5,Enormous Miniscule
988,1089,3,Enormous Slow
989,1090,1,Squeaky Clean
990,1091,5,Slow Clean
991,1092,2,Gently Used Squeaky
992,1093,2,Clean Slow
993,1094,1,Slow Squeaky
994,1095,2,Enormous Gently Used
995,1096,2,Clean Squeaky
996,1097,4,Gently Used Squeaky
997,1098,4,Gently Used Clean
998,1099,2,Gently Used Enormous
999,1100,1,Enormous Miniscule
1000,1101,4,Miniscule Slow
1001,1102,1,Squeaky Slow
1002,1103,5,Enormous Gently Used
1003,1104,4,Enormous Clean
1004,1105,4,Slow Enormous
1005,1106,4,Gently Used Enormous
1006,1107,3,Slow Squeaky
1007,1108,1,Enormous Squeaky
1008,1109,5,Gently Used Clean
1009,1110,2,Slow Gently Used
1010,1111,5,Squeaky Enormous
1011,1112,3,Clean Slow
1012,1113,3,Squeaky Miniscule
1013,1114,4,Clean Squeaky
1014,1115,5,Slow Squeaky
1015,1116,1,Clean Gently Used
1016,1117,3,Miniscule Gently Used
1017,1118,4,Miniscule Gently Used
1018,1119,4,Miniscule Gently Used
1019,1120,1,Clean Squeaky
1020,1121,1,Slow Gently Used
1021,1122,5,Enormous Squeaky
1022,1123,2,Gently Used Enormous
1023,1124,4,Miniscule Gently Used
1024,1125,1,Gently Used Miniscule
1025,1126,2,Slow Miniscule
1026,1127,1,Gently Used Clean
1027,1128,1,Slow Miniscule
1028,1129,4,Enormous Gently Used
1029,1130,5,Clean Enormous
1030,1131,1,Gently Used Enormous
1031,1132,5,Enormous Slow
1032,1133,4,Miniscule Enormous
1033,1134,2,Miniscule Clean
1034,1135,1,Miniscule Slow
1035,1136,4,Squeaky Clean
1036,1137,4,Miniscule Slow
1037,1138,1,Gently Used Miniscule
1038,1139,1,Slow Clean
1039,1140,2,Squeaky Slow
1040,1141,3,Squeaky Enormous
1041,1142,4,Squeaky Gently Used
1042,1143,2,Squeaky Clean
1043,1144,5,Clean Miniscule
1044,1145,2,Clean Gently Used
1045,1146,1,Miniscule Gently Used
1046,1147,4,Enormous Gently Used
1047,1148,1,Clean Gently Used
1048,1149,3,Clean Squeaky
1049,1150,5,Gently Used Slow
1050,1151,3,Enormous Gently Used
1051,1152,1,Miniscule Slow
1052,1153,2,Miniscule Slow
1053,1154,3,Clean Miniscule
1054,1155,1,Enormous Slow
1055,1156,1,Slow Clean
1056,1157,1,Squeaky Clean
1057,1158,5,Enormous Squeaky
1058,1159,3,Enormous Squeaky
1059,1160,1,Slow Enormous
1060,1161,2,Squeaky Slow
1061,1162,5,Clean Miniscule
1062,1163,1,Squeaky Clean
1063,1164,2,Squeaky Enormous
1064,1165,2,Enormous Slow
1065,1166,1,Clean Squeaky
1066,1167,4,Enormous Gently Used
1067,1168,1,Clean Gently Used
1068,1169,4,Gently Used Squeaky
1069,1170,3,Miniscule Squeaky
1070,1171,3,Miniscule Slow
1071,1172,1,Gently Used Miniscule
1072,1173,4,Gently Used Slow
1073,1174,3,Miniscule Slow
1074,1175,4,Clean Squeaky
1075,1176,4,Slow Squeaky
1076,1177,3,Squeaky Slow
1077,1178,1,Squeaky Clean
1078,1179,1,Squeaky Gently Used
1079,1180,5,Miniscule Gently Used
1080,1181,4,Enormous Clean
1081,1182,4,Clean Enormous
1082,1183,2,Enormous Miniscule
1083,1184,2,Clean Gently Used
1084,1185,1,Miniscule Gently Used
1085,1186,5,Enormous Clean
1086,1187,5,Miniscule Gently Used
1087,1188,2,Slow Clean
1088,1189,5,Miniscule Enormous
1089,1190,3,Gently Used Enormous
1090,1191,4,Squeaky Gently Used
1091,1192,3,Slow Clean
1092,1193,5,Enormous Gently Used
1093,1194,3,Miniscule Enormous
1094,1195,5,Miniscule Enormous
1095,1196,2,Squeaky Slow
1096,1197,4,Slow Gently Used
1097,1198,5,Slow Miniscule
1098,1199,2,Clean Enormous
1099,1200,4,Squeaky Miniscule
1100,1201,1,Miniscule Squeaky
1101,1202,3,Gently Used Clean
1102,1203,3,Squeaky Enormous
1103,1204,4,Miniscule Gently Used
1104,1205,3,Clean Miniscule
1105,1206,1,Slow Clean
1106,1207,4,Gently Used Clean
1107,1208,2,Gently Used Clean
1108,1209,2,Miniscule Enormous
1109,1210,4,Slow Gently Used
1110,1211,4,Squeaky Enormous
1111,1212,2,Squeaky Clean
1112,1213,3,Slow Clean
1113,1214,1,Slow Squeaky
1114,1215,5,Clean Gently Used
1115,1216,3,Clean Slow
1116,1217,5,Gently Used Clean
1117,1218,4,Enormous Slow
1118,1219,2,Miniscule Enormous
1119,1220,1,Enormous Miniscule
1120,1221,5,Miniscule Slow
1121,1222,5,Enormous Squeaky
1122,1223,4,Enormous Slow
1123,1224,3,Clean Enormous
1124,1225,1,Clean Enormous
1125,1226,2,Clean Gently Used
1126,1227,3,Slow Squeaky
1127,1228,4,Squeaky Clean
1128,1229,1,Enormous Squeaky
1129,1230,4,Clean Squeaky
1130,1231,5,Clean Enormous
1131,1232,1,Enormous Slow
1132,1233,5,Squeaky Slow
1133,1234,4,Gently Used Clean
1134,1235,1,Enormous Squeaky
1135,1236,5,Gently Used Squeaky
1136,1237,1,Slow Clean
1137,1238,4,Enormous Squeaky
1138,1239,3,Enormous Miniscule
1139,1240,1,Gently Used Squeaky
1140,1241,3,Miniscule Squeaky
1141,1242,4,Squeaky Slow
1142,1243,1,Squeaky Clean
1143,1244,2,Clean Gently Used
1144,1245,5,Gently Used Miniscule
1145,1246,2,Enormous Clean
1146,1247,4,Miniscule Gently Used
1147,1248,2,Gently Used Clean
1148,1249,4,Clean Enormous
1149,1250,5,Squeaky Clean
1150,1251,2,Gently Used Enormous
1151,1252,2,Enormous Squeaky
1152,1253,5,Enormous Miniscule
1153,1254,1,Gently Used Enormous
1154,1255,5,Slow Miniscule
1155,1256,2,Miniscule Enormous
1156,1257,5,Slow Gently Used
1157,1258,5,Gently Used Squeaky
1158,1259,3,Slow Miniscule
1159,1260,2,Gently Used Miniscule
1160,1261,4,Squeaky Gently Used
1161,1262,5,Clean Enormous
1162,1263,4,Slow Miniscule
1163,1264,1,Squeaky Gently Used
1164,1265,2,Squeaky Miniscule
1165,1266,2,Enormous Clean
1166,1267,1,Enormous Clean
1167,1268,2,Gently Used Slow
1168,1269,5,Enormous Slow
1169,1270,1,Enormous Slow
1170,1271,1,Squeaky Miniscule
1171,1272,4,Gently Used Squeaky
1172,1273,5,Enormous Gently Used
1173,1274,4,Squeaky Gently Used
1174,1275,2,Gently Used Clean
1175,1276,4,Enormous Clean
1176,1277,5,Squeaky Miniscule
1177,1278,4,Clean Enormous
1178,1279,5,Gently Used Clean
1179,1280,5,Slow Miniscule
1180,1281,4,Miniscule Gently Used
1181,1282,3,Slow Clean
1182,1283,2,Miniscule Slow
1183,1284,3,Miniscule Slow
1184,1285,5,Squeaky Clean
1185,1286,3,Slow Miniscule
1186,1287,3,Clean Slow
1187,1288,3,Squeaky Enormous
1188,1289,5,Enormous Slow
1189,1290,5,Miniscule Enormous
1190,1291,4,Enormous Miniscule
1191,1292,4,Clean Miniscule
1192,1293,3,Clean Miniscule
1193,1294,3,Enormous Miniscule
1194,1295,3,Enormous Slow
1195,1296,3,Gently Used Clean
1196,1297,2,Clean Gently Used
1197,1298,2,Enormous Gently Used
1198,1299,3,Enormous Gently Used
1199,1300,1,Enormous Squeaky
1200,1301,3,Enormous Clean
1201,1302,2,Squeaky Clean
1202,1303,3,Gently Used Miniscule
1203,1304,2,Clean Squeaky
1204,1305,4,Miniscule Gently Used
1205,1306,4,Miniscule Gently Used
1206,1307,3,Gently Used Clean
1207,1308,1,Slow Clean
1208,1309,1,Slow Gently Used
1209,1310,5,Slow Clean
1210,1311,1,Enormous Gently Used
1211,1312,3,Miniscule Gently Used
1212,1313,3,Clean Enormous
1213,1314,5,Gently Used Enormous
1214,1315,3,Miniscule Slow
1215,1316,4,Miniscule Enormous
1216,1317,5,Slow Miniscule
1217,1318,1,Enormous Squeaky
1218,1319,5,Squeaky Slow
1219,1320,5,Gently Used Squeaky
1220,1321,3,Miniscule Clean
1221,1322,1,Gently Used Clean
1222,1323,5,Gently Used Miniscule
1223,1324,4,Enormous Miniscule
1224,1325,1,Squeaky Gently Used
1225,1326,4,Miniscule Clean
1226,1327,4,Squeaky Clean
1227,1328,5,Slow Squeaky
1228,1329,1,Clean Squeaky
1229,1330,2,Gently Used Enormous
1230,1331,5,Miniscule Gently Used
1231,1332,4,Enormous Clean
1232,1333,5,Squeaky Clean
1233,1334,3,Clean Enormous
1234,1335,4,Slow Miniscule
1235,1336,4,Enormous Miniscule
1236,1337,5,Gently Used Miniscule
1237,1338,2,Gently Used Clean
1238,1339,1,Gently Used Squeaky
1239,1340,1,Clean Gently Used
1240,1341,4,Clean Enormous
1241,1342,5,Enormous Gently Used
1242,1343,1,Enormous Clean
1243,1344,5,Clean Enormous
1244,1345,3,Enormous Miniscule
1245,1346,5,Enormous Squeaky
1246,1347,2,Slow Enormous
1247,1348,1,Slow Clean
1248,1349,5,Miniscule Enormous
1249,1350,5,Squeaky Miniscule
1250,1351,2,Gently Used Squeaky
1251,1352,5,Slow Clean
1252,1353,3,Enormous Gently Used
1253,1354,2,Miniscule Squeaky
1254,1355,4,Squeaky Clean
1255,1356,4,Clean Squeaky
1256,1357,5,Slow Miniscule
1257,1358,5,Gently Used Squeaky
1258,1359,2,Clean Gently Used
1259,1360,4,Miniscule Squeaky
1260,1361,1,Squeaky Clean
1261,1362,1,Clean Slow
1262,1363,2,Clean Squeaky
1263,1364,2,Squeaky Clean
1264,1365,1,Gently Used Miniscule
1265,1366,1,Slow Enormous
1266,1367,2,Miniscule Clean
1267,1368,1,Enormous Clean
1268,1369,1,Miniscule Slow
1269,1370,3,Miniscule Squeaky
1270,1371,5,Squeaky Gently Used
1271,1372,3,Slow Enormous
1272,1373,2,Enormous Slow
1273,1374,5,Miniscule Enormous
1274,1375,1,Miniscule Clean
1275,1376,5,Miniscule Clean
1276,1377,2,Squeaky Clean
1277,1378,2,Miniscule Gently Used
1278,1379,1,Miniscule Slow
1279,1380,4,Enormous Clean
1280,1381,3,Clean Gently Used
1281,1382,2,Squeaky Gently Used
1282,1383,1,Squeaky Miniscule
1283,1384,3,Slow Gently Used
1284,1385,4,Enormous Gently Used
1285,1386,3,Miniscule Gently Used
1286,1387,3,Slow Miniscule
1287,1388,4,Slow Miniscule
1288,1389,1,Gently Used Clean
1289,1390,5,Gently Used Squeaky
1290,1391,3,Clean Squeaky
1291,1392,5,Gently Used Enormous
1292,1393,4,Miniscule Enormous
1293,1394,3,Miniscule Slow
1294,1395,3,Enormous Squeaky
1295,1396,1,Gently Used Squeaky
1296,1397,4,Clean Slow
1297,1398,4,Clean Gently Used
1298,1399,2,Clean Gently Used
1299,1400,3,Gently Used Squeaky
1300,1401,3,Clean Gently Used
1301,1402,4,Gently Used Clean
1302,1403,4,Slow Enormous
1303,1404,3,Clean Enormous
1304,1405,4,Clean Enormous
1305,1406,2,Gently Used Miniscule
1306,1407,4,Enormous Slow
1307,1408,5,Squeaky Enormous
1308,1409,4,Enormous Squeaky
1309,1410,4,Gently Used Clean
1310,1411,2,Enormous Miniscule
1311,1412,2,Clean Miniscule
1312,1413,5,Enormous Miniscule
1313,1414,5,Gently Used Squeaky
1314,1415,4,Slow Gently Used
1315,1416,4,Clean Gently Used
1316,1417,2,Squeaky Slow
1317,1418,5,Clean Miniscule
1318,1419,3,Gently Used Enormous
1319,1420,4,Clean Gently Used
1320,1421,2,Squeaky Enormous
1321,1422,5,Gently Used Squeaky
1322,1423,4,Clean Miniscule
1323,1424,4,Gently Used Clean
1324,1425,4,Gently Used Miniscule
1325,1426,5,Squeaky Clean
1326,1427,4,Slow Miniscule
1327,1428,2,Enormous Miniscule
1328,1429,2,Miniscule Enormous
1329,1430,4,Gently Used Squeaky
1330,1431,3,Squeaky Miniscule
1331,1432,5,Enormous Gently Used
1332,1433,1,Gently Used Squeaky
1333,1434,4,Clean Slow
1334,1435,4,Slow Miniscule
1335,1436,5,Enormous Slow
1336,1437,5,Slow Clean
1337,1438,5,Enormous Clean
1338,1439,3,Clean Gently Used
1339,1440,2,Clean Slow
1340,1441,3,Enormous Squeaky
1341,1442,4,Clean Enormous
1342,1443,1,Clean Enormous
1343,1444,3,Clean Squeaky
1344,1445,4,Gently Used Miniscule
1345,1446,1,Miniscule Gently Used
1346,1447,3,Miniscule Squeaky
1347,1448,4,Miniscule Enormous
1348,1449,4,Squeaky Miniscule
1349,1450,1,Clean Enormous
1350,1451,4,Miniscule Slow
1351,1452,2,Slow Miniscule
1352,1453,3,Gently Used Slow
1353,1454,2,Enormous Gently Used
1354,1455,5,Slow Squeaky
1355,1456,3,Squeaky Miniscule
1356,1457,2,Miniscule Slow
1357,1458,5,Gently Used Miniscule
1358,1459,1,Miniscule Slow
1359,1460,4,Squeaky Slow
1360,1461,2,Gently Used Squeaky
1361,1462,1,Clean Miniscule
1362,1463,1,Miniscule Enormous
1363,1464,2,Miniscule Slow
1364,1465,2,Squeaky Gently Used
1365,1466,4,Clean Gently Used
1366,1467,5,Squeaky Enormous
1367,1468,4,Enormous Slow
1368,1469,2,Squeaky Enormous
1369,1470,5,Miniscule Clean
1370,1471,5,Clean Slow
1371,1472,4,Clean Enormous
1372,1473,1,Miniscule Clean
1373,1474,1,Squeaky Miniscule
1374,1475,1,Miniscule Gently Used
1375,1476,1,Gently Used Slow
1376,1477,4,Gently Used Clean
1377,1478,2,Miniscule Slow
1378,1479,1,Squeaky Gently Used
1379,1480,3,Squeaky Gently Used
1380,1481,5,Enormous Gently Used
1381,1482,5,Miniscule Slow
1382,1483,4,Miniscule Squeaky
1383,1484,1,Clean Miniscule
1384,1485,3,Slow Gently Used
1385,1486,2,Slow Squeaky
1386,1487,5,Squeaky Clean
1387,1488,1,Miniscule Enormous
1388,1489,5,Miniscule Squeaky
1389,1490,1,Enormous Squeaky
1390,1491,1,Slow Miniscule
1391,1492,2,Enormous Miniscule
1392,1493,3,Gently Used Slow
1393,1494,4,Clean Miniscule
1394,1495,4,Squeaky Gently Used
1395,1496,1,Clean Enormous
1396,1497,1,Gently Used Squeaky
1397,1498,1,Clean Squeaky
1398,1499,3,Clean Miniscule
1399,1500,5,Squeaky Gently Used
1400,1501,2,Miniscule Enormous
1401,1502,4,Slow Squeaky
1402,1503,5,Miniscule Slow
1403,1504,3,Gently Used Squeaky
1404,1505,1,Squeaky Slow
1405,1506,4,Squeaky Enormous
1406,1507,2,Enormous Gently Used
1407,1508,1,Miniscule Gently Used
1408,1509,4,Clean Slow
1409,1510,1,Enormous Slow
1410,1511,3,Clean Gently Used
1411,1512,1,Miniscule Slow
1412,1513,4,Slow Clean
1413,1514,4,Gently Used Slow
1414,1515,2,Miniscule Squeaky
1415,1516,5,Miniscule Gently Used
1416,1517,1,Miniscule Gently Used
1417,1518,3,Miniscule Slow
1418,1519,1,Clean Gently Used
1419,1520,5,Enormous Slow
1420,1521,4,Clean Slow
1421,1522,1,Enormous Squeaky
1422,1523,2,Gently Used Miniscule
1423,1524,4,Gently Used Slow
1424,1525,1,Gently Used Enormous
1425,1526,3,Slow Gently Used
1426,1527,1,Miniscule Enormous
1427,1528,1,Squeaky Gently Used
1428,1529,5,Enormous Squeaky
1429,1530,1,Enormous Squeaky
1430,1531,3,Miniscule Enormous
1431,1532,5,Squeaky Clean
1432,1533,4,Slow Clean
1433,1534,1,Clean Slow
1434,1535,1,Gently Used Squeaky
1435,1536,3,Miniscule Clean
1436,1537,3,Enormous Slow
1437,1538,2,Miniscule Enormous
1438,1539,4,Miniscule Gently Used
1439,1540,5,Squeaky Miniscule
1440,1541,2,Enormous Squeaky
1441,1542,5,Clean Gently Used
1442,1543,1,Enormous Clean
1443,1544,2,Slow Squeaky
1444,1545,2,Gently Used Miniscule
1445,1546,2,Squeaky Slow
1446,1547,3,Slow Enormous
1447,1548,1,Gently Used Slow
1448,1549,4,Miniscule Squeaky
1449,1550,1,Miniscule Slow
1450,1551,5,Gently Used Squeaky
1451,1552,3,Clean Squeaky
1452,1553,3,Slow Squeaky
1453,1554,3,Gently Used Miniscule
1454,1555,3,Miniscule Enormous
1455,1556,5,Slow Miniscule
1456,1557,4,Squeaky Slow
1457,1558,3,Slow Enormous
1458,1559,2,Squeaky Gently Used
1459,1560,4,Slow Gently Used
1460,1561,4,Clean Miniscule
1461,1562,1,Miniscule Slow
1462,1563,3,Miniscule Slow
1463,1564,3,Squeaky Miniscule
1464,1565,3,Gently Used Miniscule
1465,1566,2,Squeaky Enormous
1466,1567,5,Clean Miniscule
1467,1568,3,Clean Slow
1468,1569,2,Clean Enormous
1469,1570,1,Squeaky Gently Used
1470,1571,4,Squeaky Miniscule
1471,1572,2,Squeaky Miniscule
1472,1573,2,Slow Enormous
1473,1574,1,Miniscule Enormous
1474,1575,1,Gently Used Enormous
1475,1576,1,Enormous Squeaky
1476,1577,5,Slow Squeaky
1477,1578,4,Miniscule Gently Used
1478,1579,5,Miniscule Squeaky
1479,1580,1,Clean Enormous
1480,1581,1,Clean Enormous
1481,1582,1,Gently Used Squeaky
1482,1583,1,Miniscule Gently Used
1483,1584,5,Squeaky Enormous
1484,1585,2,Enormous Clean
1485,1586,3,Enormous Miniscule
1486,1587,4,Enormous Gently Used
1487,1588,2,Enormous Miniscule
1488,1589,3,Miniscule Squeaky
1489,1590,4,Gently Used Slow
1490,1591,5,Gently Used Slow
1491,1592,2,Slow Enormous
1492,1593,5,Squeaky Gently Used
1493,1594,2,Squeaky Gently Used
1494,1595,2,Slow Clean
1495,1596,4,Miniscule Enormous
1496,1597,1,Slow Gently Used
1497,1598,1,Slow Clean
1498,1599,2,Gently Used Slow
1499,1600,3,Gently Used Squeaky
1500,1601,3,Slow Gently Used
1501,1602,2,Gently Used Squeaky
1502,1603,2,Enormous Miniscule
1503,1604,4,Squeaky Miniscule
1504,1605,4,Enormous Miniscule
1505,1606,1,Miniscule Slow
1506,1607,2,Gently Used Enormous
1507,1608,1,Miniscule Gently Used
1508,1609,3,Enormous Miniscule
1509,1610,3,Miniscule Squeaky
1510,1611,4,Gently Used Miniscule
1511,1612,2,Miniscule Gently Used
1512,1613,4,Enormous Squeaky
1513,1614,5,Miniscule Clean
1514,1615,1,Squeaky Enormous
1515,1616,3,Slow Enormous
1516,1617,2,Slow Squeaky
1517,1618,4,Gently Used Slow
1518,1619,2,Gently Used Clean
1519,1620,2,Clean Enormous
1520,1621,4,Squeaky Miniscule
1521,1622,1,Clean Miniscule
1522,1623,5,Squeaky Enormous
1523,1624,2,Gently Used Squeaky
1524,1625,1,Clean Squeaky
1525,1626,3,Enormous Clean
1526,1627,5,Enormous Squeaky
1527,1628,5,Enormous Clean
1528,1629,3,Gently Used Squeaky
1529,1630,3,Slow Enormous
1530,1631,1,Gently Used Clean
1531,1632,1,Squeaky Gently Used
1532,1633,2,Clean Miniscule
1533,1634,5,Miniscule Squeaky
1534,1635,3,Enormous Squeaky
1535,1636,3,Enormous Slow
1536,1637,1,Clean Miniscule
1537,1638,3,Enormous Gently Used
1538,1639,3,Miniscule Slow
1539,1640,1,Clean Enormous
1540,1641,1,Clean Enormous
1541,1642,3,Enormous Clean
1542,1643,3,Miniscule Squeaky
1543,1644,1,Gently Used Enormous
1544,1645,2,Miniscule Enormous
1545,1646,2,Clean Squeaky
1546,1647,2,Gently Used Clean
1547,1648,1,Clean Gently Used
1548,1649,2,Enormous Squeaky
1549,1650,5,Miniscule Enormous
1550,1651,5,Slow Miniscule
1551,1652,5,Squeaky Enormous
1552,1653,2,Gently Used Slow
1553,1654,5,Clean Enormous
1554,1655,4,Slow Miniscule
1555,1656,3,Miniscule Slow
1556,1657,3,Enormous Miniscule
1557,1658,1,Enormous Clean
1558,1659,2,Slow Clean
1559,1660,4,Clean Miniscule
1560,1661,4,Miniscule Squeaky
1561,1662,2,Gently Used Slow
1562,1663,3,Clean Gently Used
1563,1664,5,Clean Enormous
1564,1665,1,Slow Enormous
1565,1666,5,Clean Enormous
1566,1667,1,Enormous Slow
1567,1668,5,Slow Squeaky
1568,1669,4,Gently Used Enormous
1569,1670,4,Gently Used Squeaky
1570,1671,1,Slow Enormous
1571,1672,2,Gently Used Squeaky
1572,1673,3,Squeaky Miniscule
1573,1674,4,Slow Miniscule
1574,1675,4,Squeaky Miniscule
1575,1676,2,Slow Squeaky
1576,1677,3,Clean Enormous
1577,1678,3,Enormous Clean
1578,1679,4,Clean Gently Used
1579,1680,1,Miniscule Clean
1580,1681,2,Slow Gently Used
1581,1682,3,Enormous Gently Used
1582,1683,2,Squeaky Gently Used
1583,1684,4,Squeaky Slow
1584,1685,3,Clean Enormous
1585,1686,5,Clean Slow
1586,1687,3,Squeaky Slow
1587,1688,1,Squeaky Enormous
1588,1689,5,Squeaky Slow
1589,1690,1,Enormous Squeaky
1590,1691,1,Miniscule Clean
1591,1692,5,Miniscule Squeaky
1592,1693,3,Squeaky Miniscule
1593,1694,4,Slow Clean
1594,1695,5,Squeaky Slow
1595,1696,2,Slow Enormous
1596,1697,1,Clean Enormous
1597,1698,5,Gently Used Miniscule
1598,1699,4,Gently Used Clean
1599,1700,5,Gently Used Slow
1600,1701,1,Clean Enormous
1601,1702,4,Gently Used Clean
1602,1703,3,Clean Gently Used
1603,1704,5,Slow Gently Used
1604,1705,1,Clean Gently Used
1605,1706,2,Slow Gently Used
1606,1707,5,Enormous Gently Used
1607,1708,1,Enormous Clean
1608,1709,2,Enormous Clean
1609,1710,4,Miniscule Squeaky
1610,1711,3,Miniscule Gently Used
1611,1712,3,Enormous Miniscule
1612,1713,2,Gently Used Squeaky
1613,1714,3,Miniscule Slow
1614,1715,2,Squeaky Miniscule
1615,1716,3,Miniscule Clean
1616,1717,5,Clean Squeaky
1617,1718,4,Miniscule Squeaky
1618,1719,1,Clean Enormous
1619,1720,1,Squeaky Clean
1620,1721,1,Squeaky Slow
1621,1722,2,Miniscule Clean
1622,1723,4,Gently Used Clean
1623,1724,2,Gently Used Slow
1624,1725,2,Slow Gently Used
1625,1726,3,Clean Enormous
1626,1727,3,Squeaky Miniscule
1627,1728,3,Gently Used Enormous
1628,1729,1,Enormous Clean
1629,1730,5,Gently Used Enormous
1630,1731,1,Clean Enormous
1631,1732,1,Clean Squeaky
1632,1733,2,Enormous Squeaky
1633,1734,5,Gently Used Miniscule
1634,1735,1,Gently Used Slow
1635,1736,1,Squeaky Gently Used
1636,1737,2,Gently Used Slow
1637,1738,3,Slow Squeaky
1638,1739,4,Miniscule Enormous
1639,1740,1,Miniscule Slow
1640,1741,5,Clean Enormous
1641,1742,3,Gently Used Miniscule
1642,1743,4,Squeaky Miniscule
1643,1744,3,Miniscule Gently Used
1644,1745,4,Miniscule Slow
1645,1746,3,Enormous Clean
1646,1747,4,Clean Gently Used
1647,1748,4,Gently Used Clean
1648,1749,1,Gently Used Miniscule
1649,1750,5,Gently Used Clean
1650,1751,4,Slow Clean
1651,1752,1,Miniscule Clean
1652,1753,3,Enormous Gently Used
1653,1754,1,Slow Enormous
1654,1755,2,Slow Miniscule
1655,1756,5,Slow Squeaky
1656,1757,4,Enormous Miniscule
1657,1758,4,Gently Used Slow
1658,1759,4,Clean Miniscule
1659,1760,4,Clean Miniscule
1660,1761,1,Squeaky Slow
1661,1762,4,Miniscule Slow
1662,1763,3,Enormous Clean
1663,1764,1,Slow Clean
1664,1765,4,Miniscule Clean
1665,1766,5,Gently Used Slow
1666,1767,5,Miniscule Enormous
1667,1768,4,Clean Gently Used
1668,1769,5,Enormous Slow
1669,1770,2,Enormous Squeaky
1670,1771,4,Gently Used Enormous
1671,1772,3,Clean Enormous
1672,1773,5,Clean Squeaky
1673,1774,3,Slow Clean
1674,1775,3,Slow Squeaky
1675,1776,3,Gently Used Slow
1676,1777,1,Slow Squeaky
1677,1778,5,Clean Enormous
1678,1779,3,Enormous Clean
1679,1780,1,Miniscule Squeaky
1680,1781,3,Squeaky Clean
1681,1782,3,Enormous Slow
1682,1783,3,Clean Squeaky
1683,1784,1,Slow Squeaky
1684,1785,4,Slow Enormous
1685,1786,5,Squeaky Clean
1686,1787,2,Slow Miniscule
1687,1788,4,Slow Squeaky
1688,1789,3,Squeaky Enormous
1689,1790,5,Miniscule Enormous
1690,1791,1,Enormous Gently Used
1691,1792,3,Gently Used Enormous
1692,1793,2,Miniscule Squeaky
1693,1794,2,Squeaky Enormous
1694,1795,1,Squeaky Miniscule
1695,1796,1,Enormous Gently Used
1696,1797,1,Miniscule Squeaky
1697,1798,3,Gently Used Slow
1698,1799,4,Squeaky Miniscule
1699,1800,3,Gently Used Squeaky
1700,1801,4,Squeaky Gently Used
1701,1802,4,Gently Used Miniscule
1702,1803,4,Squeaky Clean
1703,1804,5,Gently Used Miniscule
1704,1805,5,Miniscule Squeaky
1705,1806,5,Slow Miniscule
1706,1807,4,Enormous Gently Used
1707,1808,2,Miniscule Slow
1708,1809,3,Slow Gently Used
1709,1810,5,Slow Enormous
1710,1811,4,Enormous Slow
1711,1812,4,Clean Enormous
1712,1813,5,Gently Used Squeaky
1713,1814,3,Squeaky Miniscule
1714,1815,4,Slow Enormous
1715,1816,5,Enormous Squeaky
1716,1817,1,Miniscule Slow
1717,1818,2,Squeaky Miniscule
1718,1819,4,Enormous Squeaky
1719,1820,5,Gently Used Slow
1720,1821,3,Gently Used Enormous
1721,1822,2,Gently Used Miniscule
1722,1823,4,Gently Used Enormous
1723,1824,3,Miniscule Squeaky
1724,1825,1,Gently Used Miniscule
1725,1826,3,Miniscule Slow
1726,1827,2,Clean Gently Used
1727,1828,1,Miniscule Enormous
1728,1829,4,Slow Gently Used
1729,1830,1,Gently Used Enormous
1730,1831,2,Clean Squeaky
1731,1832,4,Slow Gently Used
1732,1833,2,Slow Enormous
1733,1834,2,Enormous Miniscule
1734,1835,1,Gently Used Clean
1735,1836,4,Miniscule Gently Used
1736,1837,1,Miniscule Clean
1737,1838,2,Miniscule Gently Used
1738,1839,5,Slow Gently Used
1739,1840,2,Clean Gently Used
1740,1841,2,Miniscule Squeaky
1741,1842,2,Enormous Squeaky
1742,1843,1,Gently Used Clean
1743,1844,2,Slow Miniscule
1744,1845,3,Gently Used Enormous
1745,1846,3,Clean Miniscule
1746,1847,2,Squeaky Gently Used
1747,1848,4,Clean Gently Used
1748,1849,5,Gently Used Miniscule
1749,1850,2,Enormous Gently Used
1750,1851,3,Clean Slow
1751,1852,1,Clean Squeaky
1752,1853,2,Slow Miniscule
1753,1854,1,Enormous Squeaky
1754,1855,2,Miniscule Squeaky
1755,1856,3,Gently Used Miniscule
1756,1857,3,Gently Used Clean
1757,1858,5,Gently Used Miniscule
1758,1859,2,Clean Gently Used
1759,1860,4,Squeaky Enormous
1760,1861,5,Enormous Squeaky
1761,1862,1,Gently Used Enormous
1762,1863,3,Enormous Squeaky
1763,1864,5,Clean Miniscule
1764,1865,2,Slow Clean
1765,1866,2,Miniscule Squeaky
1766,1867,2,Clean Gently Used
1767,1868,5,Enormous Gently Used
1768,1869,1,Gently Used Clean
1769,1870,1,Gently Used Enormous
1770,1871,3,Gently Used Enormous
1771,1872,2,Miniscule Slow
1772,1873,2,Gently Used Enormous
1773,1874,4,Squeaky Clean
1774,1875,3,Enormous Gently Used
1775,1876,4,Slow Miniscule
1776,1877,5,Enormous Slow
1777,1878,5,Clean Squeaky
1778,1879,1,Squeaky Miniscule
1779,1880,5,Clean Slow
1780,1881,5,Slow Clean
1781,1882,1,Gently Used Clean
1782,1883,4,Slow Miniscule
1783,1884,4,Gently Used Enormous
1784,1885,1,Slow Gently Used
1785,1886,5,Squeaky Miniscule
1786,1887,5,Squeaky Enormous
1787,1888,2,Clean Slow
1788,1889,2,Gently Used Slow
1789,1890,5,Slow Gently Used
1790,1891,2,Enormous Clean
1791,1892,3,Enormous Miniscule
1792,1893,4,Gently Used Clean
1793,1894,1,Enormous Squeaky
1794,1895,3,Gently Used Squeaky
1795,1896,1,Slow Miniscule
1796,1897,4,Slow Gently Used
1797,1898,3,Clean Slow
1798,1899,4,Enormous Slow
1799,1900,2,Squeaky Slow
1800,1901,3,Enormous Slow
1801,1902,1,Miniscule Clean
1802,1903,5,Miniscule Gently Used
1803,1904,5,Clean Enormous
1804,1905,3,Clean Squeaky
1805,1906,3,Enormous Squeaky
1806,1907,1,Enormous Clean
1807,1908,5,Squeaky Miniscule
1808,1909,1,Slow Squeaky
1809,1910,3,Enormous Miniscule
1810,1911,1,Miniscule Slow
1811,1912,5,Clean Enormous
1812,1913,5,Miniscule Clean
1813,1914,4,Miniscule Gently Used
1814,1915,2,Clean Gently Used
1815,1916,1,Squeaky Enormous
1816,1917,3,Squeaky Enormous
1817,1918,5,Enormous Miniscule
1818,1919,2,Clean Enormous
1819,1920,4,Squeaky Clean
1820,1921,2,Squeaky Gently Used
1821,1922,3,Enormous Miniscule
1822,1923,5,Clean Enormous
1823,1924,3,Clean Slow
1824,1925,2,Slow Gently Used
1825,1926,1,Enormous Clean
1826,1927,2,Gently Used Enormous
1827,1928,3,Enormous Squeaky
1828,1929,5,Slow Enormous
1829,1930,3,Miniscule Squeaky
1830,1931,5,Gently Used Miniscule
1831,1932,5,Miniscule Enormous
1832,1933,4,Miniscule Enormous
1833,1934,5,Clean Enormous
1834,1935,4,Clean Miniscule
1835,1936,1,Miniscule Clean
1836,1937,2,Enormous Squeaky
1837,1938,5,Slow Miniscule
1838,1939,2,Gently Used Slow
1839,1940,1,Miniscule Enormous
1840,1941,4,Slow Gently Used
1841,1942,2,Squeaky Miniscule
1842,1943,2,Squeaky Enormous
1843,1944,4,Squeaky Miniscule
1844,1945,5,Slow Gently Used
1845,1946,1,Enormous Gently Used
1846,1947,4,Gently Used Miniscule
1847,1948,1,Gently Used Squeaky
1848,1949,4,Slow Gently Used
1849,1950,3,Slow Gently Used
1850,1951,5,Slow Squeaky
1851,1952,4,Slow Miniscule
1852,1953,1,Miniscule Enormous
1853,1954,2,Miniscule Gently Used
1854,1955,3,Squeaky Enormous
1855,1956,3,Gently Used Enormous
1856,1957,4,Clean Squeaky
1857,1958,2,Miniscule Clean
1858,1959,5,Enormous Gently Used
1859,1960,3,Enormous Gently Used
1860,1961,5,Clean Enormous
1861,1962,5,Gently Used Enormous
1862,1963,3,Enormous Gently Used
1863,1964,4,Miniscule Squeaky
1864,1965,1,Miniscule Clean
1865,1966,2,Gently Used Slow
1866,1967,5,Gently Used Slow
1867,1968,5,Squeaky Gently Used
1868,1969,5,Gently Used Miniscule
1869,1970,2,Enormous Gently Used
1870,1971,3,Slow Squeaky
1871,1972,4,Slow Miniscule
1872,1973,3,Clean Miniscule
1873,1974,5,Miniscule Slow
1874,1975,5,Clean Slow
1875,1976,2,Clean Miniscule
1876,1977,4,Enormous Slow
1877,1978,2,Miniscule Clean
1878,1979,5,Clean Slow
1879,1980,2,Slow Enormous
1880,1981,5,Slow Enormous
1881,1982,3,Clean Gently Used
1882,1983,4,Miniscule Slow
1883,1984,5,Gently Used Squeaky
1884,1985,1,Gently Used Clean
1885,1986,4,Slow Miniscule
1886,1987,1,Enormous Clean
1887,1988,3,Miniscule Gently Used
1888,1989,5,Miniscule Gently Used
1889,1990,3,Enormous Squeaky
1890,1991,4,Enormous Squeaky
1891,1992,1,Slow Enormous
1892,1993,3,Miniscule Slow
1893,1994,4,Enormous Squeaky
1894,1995,5,Slow Gently Used
1895,1996,3,Gently Used Miniscule
1896,1997,1,Squeaky Clean
1897,1998,4,Clean Squeaky
1898,1999,3,Miniscule Gently Used
1899,2000,2,Slow Squeaky
1900,2001,1,Clean Squeaky
1901,2002,5,Miniscule Slow
1902,2003,1,Slow Gently Used
1903,2004,2,Clean Squeaky
1904,2005,4,Gently Used Squeaky
1905,2006,1,Miniscule Slow
1906,2007,2,Gently Used Squeaky
1907,2008,2,Squeaky Enormous
1908,2009,2,Miniscule Gently Used
1909,2010,3,Squeaky Miniscule
1910,2011,1,Gently Used Squeaky
1911,2012,3,Miniscule Enormous
1912,2013,1,Miniscule Enormous
1913,2014,5,Gently Used Squeaky
1914,2015,1,Squeaky Clean
1915,2016,5,Slow Clean
1916,2017,1,Slow Miniscule
1917,2018,2,Slow Squeaky
1918,2019,1,Enormous Squeaky
1919,2020,3,Slow Gently Used
1920,2021,4,Squeaky Clean
1921,2022,5,Miniscule Slow
1922,2023,1,Slow Miniscule
1923,2024,4,Miniscule Gently Used
1924,2025,3,Miniscule Clean
1925,2026,2,Squeaky Slow
1926,2027,3,Gently Used Clean
1927,2028,3,Gently Used Miniscule
1928,2029,2,Squeaky Gently Used
1929,2030,5,Enormous Miniscule
1930,2031,2,Gently Used Squeaky
1931,2032,4,Slow Squeaky
1932,2033,3,Slow Enormous
1933,2034,3,Clean Miniscule
1934,2035,3,Squeaky Gently Used
1935,2036,2,Miniscule Enormous
1936,2037,3,Enormous Miniscule
1937,2038,5,Squeaky Gently Used
1938,2039,5,Miniscule Clean
1939,2040,5,Squeaky Clean
1940,2041,3,Squeaky Slow
1941,2042,4,Clean Slow
1942,2043,3,Slow Gently Used
1943,2044,1,Enormous Gently Used
1944,2045,1,Gently Used Clean
1945,2046,4,Clean Squeaky
1946,2047,2,Slow Squeaky
1947,2048,5,Enormous Slow
1948,2049,4,Squeaky Clean
1949,2050,5,Miniscule Slow
1950,2051,2,Enormous Squeaky
1951,2052,2,Gently Used Enormous
1952,2053,3,Clean Enormous
1953,2054,3,Enormous Miniscule
1954,2055,4,Clean Enormous
1955,2056,2,Squeaky Enormous
1956,2057,3,Miniscule Slow
1957,2058,4,Squeaky Enormous
1958,2059,2,Squeaky Gently Used
1959,2060,5,Slow Miniscule
1960,2061,3,Miniscule Gently Used
1961,2062,1,Squeaky Clean
1962,2063,2,Slow Clean
1963,2064,5,Squeaky Clean
1964,2065,2,Enormous Squeaky
1965,2066,3,Clean Enormous
1966,2067,1,Miniscule Gently Used
1967,2068,5,Clean Slow
1968,2069,2,Slow Enormous
1969,2070,4,Miniscule Squeaky
1970,2071,2,Miniscule Squeaky
1971,2072,2,Slow Enormous
1972,2073,2,Clean Slow
1973,2074,2,Clean Slow
1974,2075,1,Enormous Squeaky
1975,2076,2,Slow Gently Used
1976,2077,1,Miniscule Slow
1977,2078,4,Squeaky Enormous
1978,2079,1,Gently Used Clean
1979,2080,1,Enormous Squeaky
1980,2081,1,Gently Used Enormous
1981,2082,2,Slow Enormous
1982,2083,1,Slow Enormous
1983,2084,1,Miniscule Slow
1984,2085,3,Gently Used Clean
1985,2086,4,Clean Miniscule
1986,2087,3,Enormous Slow
1987,2088,4,Squeaky Enormous
1988,2089,5,Slow Enormous
1989,2090,5,Squeaky Clean
1990,2091,1,Clean Slow
1991,2092,5,Gently Used Clean
1992,2093,5,Clean Miniscule
1993,2094,4,Enormous Clean
1994,2095,4,Gently Used Clean
1995,2096,4,Squeaky Slow
1996,2097,5,Enormous Gently Used
1997,2098,2,Slow Squeaky
1998,2099,5,Squeaky Miniscule
1999,2100,1,Clean Squeaky
2000,101,4,Slow Gently Used
