1,2,2,Enormous Slow seller!!
2,3,1,Slow Miniscule seller!!
3,4,2,Enormous Miniscule seller!!
4,5,2,Clean Slow seller!!
5,6,5,Clean Miniscule seller!!
6,7,5,Slow Gently Used seller!!
7,8,3,Squeaky Gently Used seller!!
8,9,2,Clean Gently Used seller!!
9,10,4,Enormous Clean seller!!
10,11,5,Slow Gently Used seller!!
11,12,4,Enormous Gently Used seller!!
12,13,4,Clean Enormous seller!!
13,14,3,Clean Squeaky seller!!
14,15,1,Enormous Miniscule seller!!
15,16,2,Slow Enormous seller!!
16,17,3,Gently Used Miniscule seller!!
17,18,5,Gently Used Clean seller!!
18,19,2,Slow Gently Used seller!!
19,20,1,Enormous Slow seller!!
20,21,2,Clean Slow seller!!
21,22,2,Gently Used Miniscule seller!!
22,23,2,Squeaky Slow seller!!
23,24,3,Slow Miniscule seller!!
24,25,4,Enormous Squeaky seller!!
25,26,4,Slow Squeaky seller!!
26,27,2,Miniscule Squeaky seller!!
27,28,4,Miniscule Clean seller!!
28,29,1,Miniscule Squeaky seller!!
29,30,5,Slow Clean seller!!
30,31,5,Clean Enormous seller!!
31,32,1,Gently Used Slow seller!!
32,33,1,Squeaky Miniscule seller!!
33,34,5,Squeaky Miniscule seller!!
34,35,5,Clean Enormous seller!!
35,36,5,Clean Squeaky seller!!
36,37,3,Slow Miniscule seller!!
37,38,5,Slow Enormous seller!!
38,39,4,Gently Used Slow seller!!
39,40,2,Clean Gently Used seller!!
40,41,4,Enormous Miniscule seller!!
41,42,4,Clean Squeaky seller!!
42,43,1,Slow Clean seller!!
43,44,1,Clean Squeaky seller!!
44,45,4,Enormous Miniscule seller!!
45,46,3,Gently Used Miniscule seller!!
46,47,1,Gently Used Slow seller!!
47,48,3,Slow Gently Used seller!!
48,49,5,Clean Squeaky seller!!
49,50,1,Clean Gently Used seller!!
50,51,4,Clean Miniscule seller!!
51,52,2,Enormous Miniscule seller!!
52,53,3,Slow Enormous seller!!
53,54,5,Squeaky Gently Used seller!!
54,55,2,Gently Used Enormous seller!!
55,56,1,Squeaky Miniscule seller!!
56,57,5,Slow Gently Used seller!!
57,58,1,Clean Enormous seller!!
58,59,5,Squeaky Miniscule seller!!
59,60,2,Slow Gently Used seller!!
60,61,3,Clean Enormous seller!!
61,62,4,Squeaky Enormous seller!!
62,63,5,Squeaky Slow seller!!
63,64,4,Gently Used Clean seller!!
64,65,4,Slow Enormous seller!!
65,66,4,Clean Miniscule seller!!
66,67,1,Clean Gently Used seller!!
67,68,1,Slow Gently Used seller!!
68,69,4,Miniscule Enormous seller!!
69,70,1,Slow Squeaky seller!!
70,71,1,Clean Gently Used seller!!
71,72,3,Enormous Miniscule seller!!
72,73,1,Enormous Squeaky seller!!
73,74,3,Slow Enormous seller!!
74,75,5,Enormous Slow seller!!
75,76,4,Enormous Gently Used seller!!
76,77,3,Gently Used Miniscule seller!!
77,78,3,Clean Squeaky seller!!
78,79,2,Slow Clean seller!!
79,80,2,Gently Used Clean seller!!
80,81,3,Gently Used Enormous seller!!
81,82,5,Gently Used Clean seller!!
82,83,2,Gently Used Enormous seller!!
83,84,4,Gently Used Slow seller!!
84,85,3,Slow Gently Used seller!!
85,86,2,Miniscule Enormous seller!!
86,87,1,Enormous Clean seller!!
87,88,2,Miniscule Squeaky seller!!
88,89,4,Squeaky Clean seller!!
89,90,1,Enormous Clean seller!!
90,91,2,Miniscule Slow seller!!
91,92,1,Enormous Squeaky seller!!
92,93,4,Enormous Miniscule seller!!
93,94,4,Enormous Clean seller!!
94,95,5,Squeaky Slow seller!!
95,96,5,Enormous Miniscule seller!!
96,97,3,Clean Gently Used seller!!
97,98,2,Gently Used Clean seller!!
98,99,3,Enormous Slow seller!!
99,100,4,Gently Used Squeaky seller!!
100,101,2,Gently Used Miniscule seller!!
101,102,5,Squeaky Enormous seller!!
102,103,2,Miniscule Enormous seller!!
103,104,4,Miniscule Squeaky seller!!
104,105,1,Squeaky Miniscule seller!!
105,106,5,Clean Enormous seller!!
106,107,4,Slow Enormous seller!!
107,108,2,Enormous Miniscule seller!!
108,109,2,Miniscule Slow seller!!
109,110,3,Squeaky Gently Used seller!!
110,111,4,Enormous Squeaky seller!!
111,112,2,Clean Gently Used seller!!
112,113,4,Miniscule Enormous seller!!
113,114,1,Miniscule Clean seller!!
114,115,2,Enormous Slow seller!!
115,116,3,Squeaky Slow seller!!
116,117,5,Enormous Clean seller!!
117,118,2,Squeaky Miniscule seller!!
118,119,2,Clean Slow seller!!
119,120,3,Squeaky Enormous seller!!
120,121,5,Squeaky Miniscule seller!!
121,122,1,Squeaky Enormous seller!!
122,123,5,Squeaky Enormous seller!!
123,124,1,Clean Slow seller!!
124,125,3,Enormous Slow seller!!
125,126,2,Squeaky Enormous seller!!
126,127,5,Slow Enormous seller!!
127,128,1,Enormous Miniscule seller!!
128,129,2,Gently Used Enormous seller!!
129,130,5,Enormous Clean seller!!
130,131,5,Gently Used Clean seller!!
131,132,3,Clean Enormous seller!!
132,133,4,Squeaky Gently Used seller!!
133,134,4,Clean Gently Used seller!!
134,135,4,Enormous Squeaky seller!!
135,136,3,Miniscule Enormous seller!!
136,137,5,Gently Used Enormous seller!!
137,138,1,Squeaky Gently Used seller!!
138,139,2,Gently Used Miniscule seller!!
139,140,1,Miniscule Enormous seller!!
140,141,1,Slow Clean seller!!
141,142,5,Slow Enormous seller!!
142,143,5,Miniscule Gently Used seller!!
143,144,2,Slow Miniscule seller!!
144,145,4,Slow Gently Used seller!!
145,146,4,Enormous Slow seller!!
146,147,2,Squeaky Enormous seller!!
147,148,5,Miniscule Squeaky seller!!
148,149,4,Miniscule Slow seller!!
149,150,1,Slow Clean seller!!
150,151,3,Gently Used Squeaky seller!!
151,152,4,Miniscule Squeaky seller!!
152,153,4,Miniscule Squeaky seller!!
153,154,4,Slow Miniscule seller!!
154,155,2,Gently Used Miniscule seller!!
155,156,5,Enormous Miniscule seller!!
156,157,4,Gently Used Squeaky seller!!
157,158,5,Gently Used Squeaky seller!!
158,159,2,Slow Miniscule seller!!
159,160,4,Squeaky Gently Used seller!!
160,161,1,Enormous Clean seller!!
161,162,5,Squeaky Enormous seller!!
162,163,1,Miniscule Squeaky seller!!
163,164,5,Enormous Gently Used seller!!
164,165,1,Miniscule Clean seller!!
165,166,1,Slow Gently Used seller!!
166,167,2,Miniscule Enormous seller!!
167,168,2,Slow Clean seller!!
168,169,1,Enormous Clean seller!!
169,170,3,Enormous Miniscule seller!!
170,171,3,Enormous Clean seller!!
171,172,5,Gently Used Miniscule seller!!
172,173,3,Squeaky Miniscule seller!!
173,174,3,Gently Used Enormous seller!!
174,175,1,Gently Used Slow seller!!
175,176,4,Squeaky Slow seller!!
176,177,1,Slow Squeaky seller!!
177,178,2,Gently Used Miniscule seller!!
178,179,1,Enormous Gently Used seller!!
179,180,2,Slow Miniscule seller!!
180,181,2,Slow Miniscule seller!!
181,182,5,Miniscule Slow seller!!
182,183,4,Clean Squeaky seller!!
183,184,1,Slow Miniscule seller!!
184,185,3,Slow Squeaky seller!!
185,186,1,Squeaky Miniscule seller!!
186,187,3,Miniscule Gently Used seller!!
187,188,3,Gently Used Enormous seller!!
188,189,2,Clean Slow seller!!
189,190,4,Miniscule Clean seller!!
190,191,1,Squeaky Clean seller!!
191,192,5,Enormous Miniscule seller!!
192,193,3,Clean Slow seller!!
193,194,5,Gently Used Squeaky seller!!
194,195,5,Slow Enormous seller!!
195,196,5,Gently Used Slow seller!!
196,197,5,Miniscule Slow seller!!
197,198,5,Slow Squeaky seller!!
198,199,1,Enormous Gently Used seller!!
199,200,3,Miniscule Gently Used seller!!
200,201,1,Squeaky Slow seller!!
201,202,1,Miniscule Clean seller!!
202,203,4,Miniscule Gently Used seller!!
203,204,1,Slow Gently Used seller!!
204,205,4,Slow Enormous seller!!
205,206,4,Gently Used Slow seller!!
206,207,1,Slow Clean seller!!
207,208,5,Miniscule Enormous seller!!
208,209,3,Enormous Squeaky seller!!
209,210,5,Miniscule Slow seller!!
210,211,4,Slow Gently Used seller!!
211,212,5,Clean Squeaky seller!!
212,213,4,Enormous Slow seller!!
213,214,2,Gently Used Squeaky seller!!
214,215,5,Miniscule Clean seller!!
215,216,1,Miniscule Clean seller!!
216,217,2,Miniscule Squeaky seller!!
217,218,3,Squeaky Miniscule seller!!
218,219,3,Squeaky Slow seller!!
219,220,3,Enormous Slow seller!!
220,221,2,Miniscule Squeaky seller!!
221,222,2,Gently Used Slow seller!!
222,223,1,Squeaky Clean seller!!
223,224,3,Clean Gently Used seller!!
224,225,1,Squeaky Gently Used seller!!
225,226,2,Squeaky Enormous seller!!
226,227,4,Slow Enormous seller!!
227,228,4,Miniscule Clean seller!!
228,229,2,Enormous Squeaky seller!!
229,230,5,Squeaky Miniscule seller!!
230,231,2,Clean Enormous seller!!
231,232,1,Squeaky Gently Used seller!!
232,233,3,Slow Squeaky seller!!
233,234,2,Enormous Squeaky seller!!
234,235,3,Clean Slow seller!!
235,236,3,Miniscule Enormous seller!!
236,237,3,Gently Used Clean seller!!
237,238,5,Gently Used Squeaky seller!!
238,239,3,Slow Gently Used seller!!
239,240,1,Squeaky Miniscule seller!!
240,241,5,Slow Miniscule seller!!
241,242,5,Slow Clean seller!!
242,243,3,Slow Gently Used seller!!
243,244,5,Clean Gently Used seller!!
244,245,4,Gently Used Enormous seller!!
245,246,2,Clean Gently Used seller!!
246,247,1,Enormous Gently Used seller!!
247,248,4,Clean Slow seller!!
248,249,4,Miniscule Gently Used seller!!
249,250,3,Enormous Miniscule seller!!
250,251,4,Gently Used Squeaky seller!!
251,252,4,Miniscule Gently Used seller!!
252,253,5,Slow Clean seller!!
253,254,5,Enormous Gently Used seller!!
254,255,3,Enormous Clean seller!!
255,256,1,Clean Enormous seller!!
256,257,4,Clean Gently Used seller!!
257,258,3,Gently Used Slow seller!!
258,259,1,Squeaky Enormous seller!!
259,260,1,Enormous Slow seller!!
260,261,2,Slow Gently Used seller!!
261,262,4,Slow Squeaky seller!!
262,263,3,Enormous Gently Used seller!!
263,264,4,Clean Enormous seller!!
264,265,5,Miniscule Clean seller!!
265,266,4,Gently Used Clean seller!!
266,267,1,Enormous Slow seller!!
267,268,2,Slow Gently Used seller!!
268,269,5,Enormous Clean seller!!
269,270,1,Slow Miniscule seller!!
270,271,2,Clean Slow seller!!
271,272,4,Miniscule Clean seller!!
272,273,4,Clean Slow seller!!
273,274,2,Miniscule Enormous seller!!
274,275,2,Gently Used Clean seller!!
275,276,1,Enormous Clean seller!!
276,277,3,Slow Squeaky seller!!
277,278,1,Squeaky Miniscule seller!!
278,279,3,Gently Used Clean seller!!
279,280,4,Clean Slow seller!!
280,281,3,Gently Used Slow seller!!
281,282,1,Clean Miniscule seller!!
282,283,1,Miniscule Gently Used seller!!
283,284,1,Squeaky Enormous seller!!
284,285,1,Clean Miniscule seller!!
285,286,5,Clean Gently Used seller!!
286,287,4,Slow Clean seller!!
287,288,5,Slow Clean seller!!
288,289,3,Gently Used Miniscule seller!!
289,290,3,Miniscule Squeaky seller!!
290,291,5,Clean Gently Used seller!!
291,292,4,Miniscule Enormous seller!!
292,293,2,Clean Squeaky seller!!
293,294,4,Gently Used Slow seller!!
294,295,2,Slow Gently Used seller!!
295,296,3,Miniscule Gently Used seller!!
296,297,1,Clean Miniscule seller!!
297,298,5,Clean Gently Used seller!!
298,299,2,Enormous Miniscule seller!!
299,300,3,Enormous Squeaky seller!!
300,301,5,Clean Miniscule seller!!
301,302,4,Miniscule Gently Used seller!!
302,303,5,Enormous Miniscule seller!!
303,304,1,Squeaky Miniscule seller!!
304,305,2,Squeaky Gently Used seller!!
305,306,2,Enormous Miniscule seller!!
306,307,4,Enormous Squeaky seller!!
307,308,5,Clean Miniscule seller!!
308,309,2,Squeaky Gently Used seller!!
309,310,1,Clean Slow seller!!
310,311,5,Slow Squeaky seller!!
311,312,3,Clean Slow seller!!
312,313,2,Miniscule Gently Used seller!!
313,314,5,Squeaky Gently Used seller!!
314,315,2,Gently Used Slow seller!!
315,316,4,Miniscule Gently Used seller!!
316,317,1,Slow Clean seller!!
317,318,4,Slow Gently Used seller!!
318,319,1,Gently Used Miniscule seller!!
319,320,2,Slow Enormous seller!!
320,321,4,Enormous Slow seller!!
321,322,3,Gently Used Squeaky seller!!
322,323,4,Squeaky Slow seller!!
323,324,1,Squeaky Enormous seller!!
324,325,5,Squeaky Gently Used seller!!
325,326,5,Squeaky Enormous seller!!
326,327,1,Gently Used Clean seller!!
327,328,1,Enormous Gently Used seller!!
328,329,5,Clean Gently Used seller!!
329,330,4,Clean Enormous seller!!
330,331,5,Slow Miniscule seller!!
331,332,3,Squeaky Miniscule seller!!
332,333,2,Enormous Miniscule seller!!
333,334,5,Clean Miniscule seller!!
334,335,2,Enormous Gently Used seller!!
335,336,2,Slow Gently Used seller!!
336,337,1,Miniscule Enormous seller!!
337,338,2,Gently Used Enormous seller!!
338,339,1,Gently Used Clean seller!!
339,340,2,Miniscule Squeaky seller!!
340,341,4,Enormous Slow seller!!
341,342,5,Clean Enormous seller!!
342,343,1,Squeaky Enormous seller!!
343,344,2,Gently Used Squeaky seller!!
344,345,4,Gently Used Slow seller!!
345,346,3,Slow Squeaky seller!!
346,347,5,Squeaky Enormous seller!!
347,348,3,Enormous Gently Used seller!!
348,349,3,Squeaky Miniscule seller!!
349,350,4,Enormous Gently Used seller!!
350,351,3,Squeaky Gently Used seller!!
351,352,5,Enormous Clean seller!!
352,353,3,Squeaky Slow seller!!
353,354,1,Slow Gently Used seller!!
354,355,2,Squeaky Slow seller!!
355,356,2,Slow Enormous seller!!
356,357,1,Gently Used Clean seller!!
357,358,2,Clean Slow seller!!
358,359,2,Squeaky Gently Used seller!!
359,360,1,Enormous Gently Used seller!!
360,361,2,Clean Squeaky seller!!
361,362,5,Squeaky Gently Used seller!!
362,363,5,Enormous Miniscule seller!!
363,364,2,Slow Enormous seller!!
364,365,1,Slow Gently Used seller!!
365,366,3,Miniscule Squeaky seller!!
366,367,1,Gently Used Slow seller!!
367,368,1,Enormous Gently Used seller!!
368,369,4,Enormous Slow seller!!
369,370,3,Clean Squeaky seller!!
370,371,1,Miniscule Clean seller!!
371,372,3,Enormous Gently Used seller!!
372,373,1,Miniscule Clean seller!!
373,374,1,Slow Miniscule seller!!
374,375,3,Squeaky Enormous seller!!
375,376,2,Clean Squeaky seller!!
376,377,4,Gently Used Clean seller!!
377,378,2,Enormous Slow seller!!
378,379,1,Clean Gently Used seller!!
379,380,1,Squeaky Enormous seller!!
380,381,2,Clean Enormous seller!!
381,382,4,Gently Used Enormous seller!!
382,383,1,Clean Squeaky seller!!
383,384,5,Enormous Gently Used seller!!
384,385,4,Slow Enormous seller!!
385,386,1,Gently Used Miniscule seller!!
386,387,5,Clean Gently Used seller!!
387,388,4,Squeaky Slow seller!!
388,389,3,Clean Miniscule seller!!
389,390,3,Enormous Gently Used seller!!
390,391,5,Enormous Slow seller!!
391,392,4,Squeaky Miniscule seller!!
392,393,5,Gently Used Miniscule seller!!
393,394,3,Clean Squeaky seller!!
394,395,2,Squeaky Clean seller!!
395,396,3,Clean Slow seller!!
396,397,1,Clean Miniscule seller!!
397,398,1,Slow Gently Used seller!!
398,399,4,Gently Used Squeaky seller!!
399,400,1,Squeaky Enormous seller!!
400,401,3,Enormous Clean seller!!
401,402,4,Slow Gently Used seller!!
402,403,4,Slow Gently Used seller!!
403,404,2,Enormous Clean seller!!
404,405,1,Gently Used Slow seller!!
405,406,1,Squeaky Gently Used seller!!
406,407,4,Gently Used Miniscule seller!!
407,408,1,Clean Enormous seller!!
408,409,4,Clean Enormous seller!!
409,410,5,Enormous Gently Used seller!!
410,411,2,Miniscule Clean seller!!
411,412,2,Slow Clean seller!!
412,413,3,Miniscule Slow seller!!
413,414,4,Squeaky Slow seller!!
414,415,4,Clean Enormous seller!!
415,416,3,Squeaky Clean seller!!
416,417,3,Slow Enormous seller!!
417,418,5,Miniscule Slow seller!!
418,419,3,Clean Slow seller!!
419,420,5,Miniscule Squeaky seller!!
420,421,1,Miniscule Clean seller!!
421,422,5,Enormous Clean seller!!
422,423,4,Clean Slow seller!!
423,424,3,Squeaky Enormous seller!!
424,425,5,Gently Used Squeaky seller!!
425,426,4,Slow Squeaky seller!!
426,427,2,Clean Miniscule seller!!
427,428,2,Enormous Gently Used seller!!
428,429,3,Slow Enormous seller!!
429,430,5,Slow Miniscule seller!!
430,431,3,Miniscule Squeaky seller!!
431,432,3,Slow Miniscule seller!!
432,433,5,Miniscule Gently Used seller!!
433,434,2,Miniscule Gently Used seller!!
434,435,3,Slow Enormous seller!!
435,436,2,Enormous Gently Used seller!!
436,437,4,Gently Used Miniscule seller!!
437,438,5,Clean Slow seller!!
438,439,2,Enormous Miniscule seller!!
439,440,4,Clean Miniscule seller!!
440,441,1,Slow Clean seller!!
441,442,2,Gently Used Enormous seller!!
442,443,3,Gently Used Enormous seller!!
443,444,2,Slow Clean seller!!
444,445,3,Clean Slow seller!!
445,446,5,Gently Used Squeaky seller!!
446,447,4,Enormous Miniscule seller!!
447,448,4,Miniscule Enormous seller!!
448,449,3,Squeaky Slow seller!!
449,450,2,Squeaky Miniscule seller!!
450,451,1,Gently Used Squeaky seller!!
451,452,1,Enormous Squeaky seller!!
452,453,3,Clean Miniscule seller!!
453,454,2,Gently Used Enormous seller!!
454,455,3,Enormous Miniscule seller!!
455,456,1,Gently Used Enormous seller!!
456,457,4,Gently Used Miniscule seller!!
457,458,2,Clean Enormous seller!!
458,459,1,Enormous Miniscule seller!!
459,460,2,Gently Used Slow seller!!
460,461,3,Miniscule Gently Used seller!!
461,462,3,Slow Enormous seller!!
462,463,5,Miniscule Slow seller!!
463,464,2,Gently Used Enormous seller!!
464,465,3,Squeaky Enormous seller!!
465,466,2,Squeaky Slow seller!!
466,467,1,Slow Clean seller!!
467,468,3,Gently Used Miniscule seller!!
468,469,2,Gently Used Slow seller!!
469,470,3,Clean Miniscule seller!!
470,471,1,Miniscule Clean seller!!
471,472,1,Miniscule Clean seller!!
472,473,2,Squeaky Gently Used seller!!
473,474,3,Clean Slow seller!!
474,475,1,Slow Gently Used seller!!
475,476,1,Slow Enormous seller!!
476,477,4,Miniscule Enormous seller!!
477,478,5,Gently Used Slow seller!!
478,479,3,Squeaky Slow seller!!
479,480,4,Enormous Miniscule seller!!
480,481,4,Enormous Clean seller!!
481,482,4,Gently Used Squeaky seller!!
482,483,5,Enormous Clean seller!!
483,484,5,Miniscule Enormous seller!!
484,485,5,Squeaky Gently Used seller!!
485,486,2,Squeaky Miniscule seller!!
486,487,2,Squeaky Gently Used seller!!
487,488,5,Clean Miniscule seller!!
488,489,1,Enormous Clean seller!!
489,490,2,Enormous Gently Used seller!!
490,491,4,Enormous Gently Used seller!!
491,492,4,Gently Used Miniscule seller!!
492,493,5,Slow Clean seller!!
493,494,3,Miniscule Clean seller!!
494,495,5,Miniscule Squeaky seller!!
495,496,2,Squeaky Enormous seller!!
496,497,4,Gently Used Slow seller!!
497,498,3,Enormous Squeaky seller!!
498,499,4,Gently Used Enormous seller!!
499,500,1,Squeaky Gently Used seller!!
500,501,4,Enormous Miniscule seller!!
501,502,3,Miniscule Clean seller!!
502,503,5,Clean Squeaky seller!!
503,504,2,Squeaky Clean seller!!
504,505,4,Enormous Clean seller!!
505,506,2,Clean Miniscule seller!!
506,507,4,Clean Gently Used seller!!
507,508,4,Enormous Miniscule seller!!
508,509,5,Miniscule Gently Used seller!!
509,510,4,Squeaky Miniscule seller!!
510,511,5,Clean Gently Used seller!!
511,512,1,Gently Used Slow seller!!
512,513,1,Gently Used Squeaky seller!!
513,514,1,Squeaky Miniscule seller!!
514,515,3,Slow Squeaky seller!!
515,516,2,Clean Miniscule seller!!
516,517,2,Enormous Miniscule seller!!
517,518,4,Miniscule Gently Used seller!!
518,519,3,Enormous Clean seller!!
519,520,5,Gently Used Slow seller!!
520,521,1,Slow Gently Used seller!!
521,522,1,Slow Clean seller!!
522,523,1,Squeaky Gently Used seller!!
523,524,3,Enormous Gently Used seller!!
524,525,2,Slow Enormous seller!!
525,526,5,Slow Gently Used seller!!
526,527,2,Squeaky Miniscule seller!!
527,528,4,Clean Squeaky seller!!
528,529,1,Enormous Clean seller!!
529,530,2,Miniscule Squeaky seller!!
530,531,3,Slow Enormous seller!!
531,532,2,Miniscule Gently Used seller!!
532,533,2,Miniscule Enormous seller!!
533,534,4,Squeaky Clean seller!!
534,535,4,Enormous Squeaky seller!!
535,536,2,Gently Used Miniscule seller!!
536,537,2,Miniscule Enormous seller!!
537,538,4,Squeaky Miniscule seller!!
538,539,3,Clean Slow seller!!
539,540,3,Squeaky Enormous seller!!
540,541,5,Enormous Clean seller!!
541,542,3,Slow Gently Used seller!!
542,543,4,Slow Squeaky seller!!
543,544,2,Slow Gently Used seller!!
544,545,3,Slow Clean seller!!
545,546,2,Miniscule Slow seller!!
546,547,1,Clean Gently Used seller!!
547,548,1,Slow Clean seller!!
548,549,1,Slow Enormous seller!!
549,550,2,Gently Used Squeaky seller!!
550,551,4,Gently Used Squeaky seller!!
551,552,5,Miniscule Squeaky seller!!
552,553,1,Miniscule Slow seller!!
553,554,4,Slow Gently Used seller!!
554,555,5,Clean Squeaky seller!!
555,556,2,Clean Squeaky seller!!
556,557,4,Squeaky Enormous seller!!
557,558,1,Enormous Slow seller!!
558,559,4,Clean Enormous seller!!
559,560,1,Enormous Gently Used seller!!
560,561,1,Gently Used Miniscule seller!!
561,562,5,Enormous Squeaky seller!!
562,563,3,Miniscule Slow seller!!
563,564,5,Miniscule Clean seller!!
564,565,3,Squeaky Clean seller!!
565,566,4,Clean Gently Used seller!!
566,567,4,Enormous Clean seller!!
567,568,2,Clean Gently Used seller!!
568,569,1,Slow Enormous seller!!
569,570,5,Enormous Slow seller!!
570,571,1,Squeaky Slow seller!!
571,572,2,Clean Slow seller!!
572,573,2,Gently Used Clean seller!!
573,574,3,Squeaky Slow seller!!
574,575,3,Enormous Miniscule seller!!
575,576,3,Miniscule Slow seller!!
576,577,5,Gently Used Squeaky seller!!
577,578,4,Clean Slow seller!!
578,579,3,Squeaky Enormous seller!!
579,580,3,Gently Used Miniscule seller!!
580,581,5,Enormous Clean seller!!
581,582,1,Squeaky Clean seller!!
582,583,2,Miniscule Slow seller!!
583,584,5,Slow Clean seller!!
584,585,5,Miniscule Clean seller!!
585,586,1,Slow Squeaky seller!!
586,587,3,Slow Enormous seller!!
587,588,3,Slow Enormous seller!!
588,589,4,Clean Squeaky seller!!
589,590,1,Clean Squeaky seller!!
590,591,1,Slow Enormous seller!!
591,592,5,Gently Used Enormous seller!!
592,593,1,Gently Used Enormous seller!!
593,594,3,Clean Miniscule seller!!
594,595,2,Gently Used Enormous seller!!
595,596,3,Clean Enormous seller!!
596,597,4,Squeaky Miniscule seller!!
597,598,1,Squeaky Clean seller!!
598,599,1,Miniscule Gently Used seller!!
599,600,1,Clean Slow seller!!
600,601,3,Clean Gently Used seller!!
601,602,2,Miniscule Enormous seller!!
602,603,4,Squeaky Clean seller!!
603,604,2,Enormous Miniscule seller!!
604,605,1,Squeaky Gently Used seller!!
605,606,2,Enormous Gently Used seller!!
606,607,1,Clean Gently Used seller!!
607,608,1,Slow Squeaky seller!!
608,609,2,Miniscule Squeaky seller!!
609,610,5,Clean Slow seller!!
610,611,4,Gently Used Clean seller!!
611,612,5,Clean Squeaky seller!!
612,613,2,Squeaky Enormous seller!!
613,614,3,Squeaky Slow seller!!
614,615,3,Squeaky Enormous seller!!
615,616,2,Gently Used Slow seller!!
616,617,1,Miniscule Gently Used seller!!
617,618,4,Gently Used Clean seller!!
618,619,4,Miniscule Squeaky seller!!
619,620,5,Slow Squeaky seller!!
620,621,2,Gently Used Enormous seller!!
621,622,3,Enormous Miniscule seller!!
622,623,3,Slow Gently Used seller!!
623,624,1,Gently Used Squeaky seller!!
624,625,2,Slow Squeaky seller!!
625,626,4,Clean Enormous seller!!
626,627,3,Slow Squeaky seller!!
627,628,3,Miniscule Enormous seller!!
628,629,4,Slow Enormous seller!!
629,630,1,Clean Gently Used seller!!
630,631,4,Squeaky Enormous seller!!
631,632,3,Clean Squeaky seller!!
632,633,3,Squeaky Enormous seller!!
633,634,1,Clean Slow seller!!
634,635,2,Squeaky Slow seller!!
635,636,3,Clean Enormous seller!!
636,637,2,Slow Squeaky seller!!
637,638,4,Squeaky Clean seller!!
638,639,2,Gently Used Clean seller!!
639,640,5,Gently Used Squeaky seller!!
640,641,1,Miniscule Gently Used seller!!
641,642,4,Slow Enormous seller!!
642,643,3,Gently Used Enormous seller!!
643,644,5,Gently Used Enormous seller!!
644,645,4,Clean Gently Used seller!!
645,646,2,Enormous Squeaky seller!!
646,647,5,Enormous Clean seller!!
647,648,5,Clean Slow seller!!
648,649,2,Enormous Clean seller!!
649,650,3,Squeaky Clean seller!!
650,651,3,Miniscule Squeaky seller!!
651,652,1,Enormous Squeaky seller!!
652,653,2,Enormous Miniscule seller!!
653,654,4,Enormous Squeaky seller!!
654,655,5,Gently Used Clean seller!!
655,656,1,Squeaky Clean seller!!
656,657,4,Enormous Slow seller!!
657,658,5,Clean Miniscule seller!!
658,659,2,Clean Slow seller!!
659,660,3,Gently Used Squeaky seller!!
660,661,1,Miniscule Gently Used seller!!
661,662,2,Gently Used Clean seller!!
662,663,1,Slow Squeaky seller!!
663,664,5,Slow Gently Used seller!!
664,665,5,Gently Used Enormous seller!!
665,666,5,Enormous Squeaky seller!!
666,667,4,Gently Used Miniscule seller!!
667,668,1,Enormous Gently Used seller!!
668,669,4,Slow Miniscule seller!!
669,670,3,Enormous Miniscule seller!!
670,671,5,Clean Squeaky seller!!
671,672,5,Squeaky Gently Used seller!!
672,673,1,Slow Squeaky seller!!
673,674,5,Clean Gently Used seller!!
674,675,4,Slow Miniscule seller!!
675,676,2,Clean Gently Used seller!!
676,677,1,Miniscule Enormous seller!!
677,678,1,Miniscule Slow seller!!
678,679,1,Clean Slow seller!!
679,680,5,Enormous Gently Used seller!!
680,681,5,Gently Used Enormous seller!!
681,682,4,Miniscule Clean seller!!
682,683,5,Squeaky Miniscule seller!!
683,684,4,Slow Clean seller!!
684,685,4,Miniscule Enormous seller!!
685,686,3,Slow Squeaky seller!!
686,687,5,Enormous Clean seller!!
687,688,4,Squeaky Enormous seller!!
688,689,3,Clean Gently Used seller!!
689,690,5,Squeaky Clean seller!!
690,691,3,Miniscule Gently Used seller!!
691,692,2,Squeaky Slow seller!!
692,693,1,Miniscule Squeaky seller!!
693,694,4,Squeaky Enormous seller!!
694,695,4,Clean Slow seller!!
695,696,3,Miniscule Squeaky seller!!
696,697,2,Squeaky Gently Used seller!!
697,698,2,Enormous Slow seller!!
698,699,3,Gently Used Miniscule seller!!
699,700,3,Squeaky Slow seller!!
700,701,2,Squeaky Gently Used seller!!
701,702,3,Gently Used Slow seller!!
702,703,1,Squeaky Slow seller!!
703,704,1,Clean Squeaky seller!!
704,705,5,Clean Enormous seller!!
705,706,3,Slow Clean seller!!
706,707,5,Clean Enormous seller!!
707,708,1,Enormous Clean seller!!
708,709,1,Miniscule Clean seller!!
709,710,5,Miniscule Clean seller!!
710,711,4,Miniscule Enormous seller!!
711,712,5,Gently Used Miniscule seller!!
712,713,3,Enormous Gently Used seller!!
713,714,4,Miniscule Clean seller!!
714,715,1,Slow Clean seller!!
715,716,5,Slow Squeaky seller!!
716,717,2,Gently Used Squeaky seller!!
717,718,2,Miniscule Squeaky seller!!
718,719,3,Miniscule Squeaky seller!!
719,720,3,Miniscule Slow seller!!
720,721,2,Slow Squeaky seller!!
721,722,2,Miniscule Gently Used seller!!
722,723,5,Miniscule Squeaky seller!!
723,724,5,Squeaky Miniscule seller!!
724,725,3,Slow Miniscule seller!!
725,726,1,Gently Used Slow seller!!
726,727,3,Clean Gently Used seller!!
727,728,5,Squeaky Enormous seller!!
728,729,1,Gently Used Enormous seller!!
729,730,3,Clean Enormous seller!!
730,731,3,Slow Enormous seller!!
731,732,1,Miniscule Enormous seller!!
732,733,1,Gently Used Squeaky seller!!
733,734,4,Miniscule Gently Used seller!!
734,735,3,Clean Miniscule seller!!
735,736,4,Squeaky Slow seller!!
736,737,3,Slow Miniscule seller!!
737,738,1,Enormous Squeaky seller!!
738,739,2,Slow Clean seller!!
739,740,2,Miniscule Clean seller!!
740,741,5,Slow Clean seller!!
741,742,2,Enormous Slow seller!!
742,743,4,Clean Squeaky seller!!
743,744,3,Enormous Slow seller!!
744,745,3,Enormous Clean seller!!
745,746,2,Miniscule Enormous seller!!
746,747,4,Enormous Squeaky seller!!
747,748,3,Miniscule Slow seller!!
748,749,1,Squeaky Clean seller!!
749,750,4,Miniscule Gently Used seller!!
750,751,3,Gently Used Squeaky seller!!
751,752,5,Slow Clean seller!!
752,753,5,Miniscule Slow seller!!
753,754,3,Slow Clean seller!!
754,755,2,Miniscule Gently Used seller!!
755,756,5,Gently Used Clean seller!!
756,757,4,Clean Enormous seller!!
757,758,4,Enormous Squeaky seller!!
758,759,3,Slow Enormous seller!!
759,760,1,Enormous Slow seller!!
760,761,2,Slow Clean seller!!
761,762,2,Enormous Squeaky seller!!
762,763,3,Squeaky Gently Used seller!!
763,764,5,Slow Gently Used seller!!
764,765,2,Slow Gently Used seller!!
765,766,1,Gently Used Squeaky seller!!
766,767,3,Squeaky Clean seller!!
767,768,1,Slow Gently Used seller!!
768,769,1,Clean Gently Used seller!!
769,770,1,Squeaky Enormous seller!!
770,771,4,Squeaky Gently Used seller!!
771,772,4,Squeaky Miniscule seller!!
772,773,1,Enormous Clean seller!!
773,774,2,Gently Used Clean seller!!
774,775,3,Slow Miniscule seller!!
775,776,4,Slow Squeaky seller!!
776,777,4,Enormous Gently Used seller!!
777,778,2,Gently Used Miniscule seller!!
778,779,1,Clean Squeaky seller!!
779,780,5,Enormous Squeaky seller!!
780,781,2,Miniscule Clean seller!!
781,782,2,Squeaky Gently Used seller!!
782,783,1,Clean Miniscule seller!!
783,784,5,Enormous Squeaky seller!!
784,785,4,Enormous Slow seller!!
785,786,5,Slow Squeaky seller!!
786,787,3,Slow Clean seller!!
787,788,3,Gently Used Miniscule seller!!
788,789,5,Gently Used Slow seller!!
789,790,4,Miniscule Slow seller!!
790,791,3,Gently Used Slow seller!!
791,792,2,Enormous Slow seller!!
792,793,5,Enormous Gently Used seller!!
793,794,5,Miniscule Clean seller!!
794,795,3,Squeaky Enormous seller!!
795,796,4,Gently Used Miniscule seller!!
796,797,5,Gently Used Miniscule seller!!
797,798,5,Gently Used Squeaky seller!!
798,799,4,Clean Gently Used seller!!
799,800,2,Miniscule Gently Used seller!!
800,801,4,Enormous Slow seller!!
801,802,1,Squeaky Clean seller!!
802,803,5,Squeaky Enormous seller!!
803,804,1,Squeaky Gently Used seller!!
804,805,4,Miniscule Gently Used seller!!
805,806,4,Squeaky Slow seller!!
806,807,4,Slow Enormous seller!!
807,808,3,Miniscule Slow seller!!
808,809,3,Gently Used Clean seller!!
809,810,1,Gently Used Squeaky seller!!
810,811,5,Gently Used Slow seller!!
811,812,1,Squeaky Enormous seller!!
812,813,1,Gently Used Enormous seller!!
813,814,2,Slow Enormous seller!!
814,815,5,Squeaky Miniscule seller!!
815,816,1,Clean Slow seller!!
816,817,2,Enormous Slow seller!!
817,818,2,Enormous Clean seller!!
818,819,4,Enormous Clean seller!!
819,820,3,Squeaky Miniscule seller!!
820,821,2,Clean Enormous seller!!
821,822,5,Miniscule Gently Used seller!!
822,823,1,Gently Used Clean seller!!
823,824,3,Enormous Squeaky seller!!
824,825,2,Enormous Clean seller!!
825,826,3,Miniscule Clean seller!!
826,827,5,Miniscule Clean seller!!
827,828,3,Clean Gently Used seller!!
828,829,2,Squeaky Slow seller!!
829,830,2,Clean Gently Used seller!!
830,831,1,Miniscule Squeaky seller!!
831,832,2,Clean Gently Used seller!!
832,833,5,Clean Enormous seller!!
833,834,5,Enormous Clean seller!!
834,835,3,Squeaky Miniscule seller!!
835,836,5,Miniscule Squeaky seller!!
836,837,4,Slow Enormous seller!!
837,838,5,Clean Gently Used seller!!
838,839,5,Enormous Clean seller!!
839,840,5,Slow Clean seller!!
840,841,2,Gently Used Miniscule seller!!
841,842,5,Miniscule Enormous seller!!
842,843,1,Gently Used Squeaky seller!!
843,844,5,Enormous Slow seller!!
844,845,5,Enormous Squeaky seller!!
845,846,1,Clean Slow seller!!
846,847,1,Slow Gently Used seller!!
847,848,4,Gently Used Squeaky seller!!
848,849,4,Gently Used Slow seller!!
849,850,1,Miniscule Slow seller!!
850,851,4,Gently Used Slow seller!!
851,852,5,Gently Used Clean seller!!
852,853,5,Slow Gently Used seller!!
853,854,4,Clean Miniscule seller!!
854,855,3,Clean Enormous seller!!
855,856,2,Clean Squeaky seller!!
856,857,2,Squeaky Enormous seller!!
857,858,4,Miniscule Gently Used seller!!
858,859,5,Enormous Slow seller!!
859,860,5,Squeaky Slow seller!!
860,861,2,Squeaky Slow seller!!
861,862,4,Gently Used Slow seller!!
862,863,5,Miniscule Squeaky seller!!
863,864,5,Clean Enormous seller!!
864,865,3,Gently Used Slow seller!!
865,866,4,Enormous Miniscule seller!!
866,867,1,Squeaky Slow seller!!
867,868,2,Miniscule Gently Used seller!!
868,869,4,Squeaky Clean seller!!
869,870,4,Miniscule Gently Used seller!!
870,871,2,Gently Used Miniscule seller!!
871,872,3,Enormous Slow seller!!
872,873,5,Gently Used Squeaky seller!!
873,874,2,Miniscule Enormous seller!!
874,875,5,Squeaky Clean seller!!
875,876,5,Clean Miniscule seller!!
876,877,1,Miniscule Clean seller!!
877,878,2,Gently Used Squeaky seller!!
878,879,5,Enormous Clean seller!!
879,880,1,Enormous Clean seller!!
880,881,1,Slow Clean seller!!
881,882,3,Squeaky Gently Used seller!!
882,883,1,Miniscule Clean seller!!
883,884,5,Slow Squeaky seller!!
884,885,1,Miniscule Gently Used seller!!
885,886,3,Gently Used Slow seller!!
886,887,2,Enormous Miniscule seller!!
887,888,4,Gently Used Miniscule seller!!
888,889,1,Gently Used Enormous seller!!
889,890,5,Miniscule Squeaky seller!!
890,891,1,Clean Miniscule seller!!
891,892,4,Clean Enormous seller!!
892,893,2,Clean Squeaky seller!!
893,894,5,Clean Squeaky seller!!
894,895,4,Gently Used Clean seller!!
895,896,1,Gently Used Squeaky seller!!
896,897,2,Enormous Slow seller!!
897,898,1,Slow Clean seller!!
898,899,4,Squeaky Slow seller!!
899,900,2,Slow Enormous seller!!
900,901,5,Squeaky Clean seller!!
901,902,4,Miniscule Clean seller!!
902,903,3,Miniscule Gently Used seller!!
903,904,1,Miniscule Slow seller!!
904,905,5,Clean Enormous seller!!
905,906,3,Clean Enormous seller!!
906,907,1,Clean Enormous seller!!
907,908,4,Slow Squeaky seller!!
908,909,1,Gently Used Squeaky seller!!
909,910,2,Miniscule Gently Used seller!!
910,911,5,Enormous Gently Used seller!!
911,912,4,Gently Used Miniscule seller!!
912,913,5,Miniscule Clean seller!!
913,914,1,Slow Gently Used seller!!
914,915,1,Clean Slow seller!!
915,916,2,Clean Miniscule seller!!
916,917,5,Miniscule Squeaky seller!!
917,918,5,Enormous Slow seller!!
918,919,4,Miniscule Slow seller!!
919,920,5,Miniscule Clean seller!!
920,921,5,Clean Gently Used seller!!
921,922,3,Clean Gently Used seller!!
922,923,1,Enormous Gently Used seller!!
923,924,4,Squeaky Enormous seller!!
924,925,5,Clean Gently Used seller!!
925,926,1,Slow Clean seller!!
926,927,4,Squeaky Enormous seller!!
927,928,2,Slow Miniscule seller!!
928,929,3,Gently Used Enormous seller!!
929,930,2,Enormous Slow seller!!
930,931,5,Slow Gently Used seller!!
931,932,4,Gently Used Enormous seller!!
932,933,5,Slow Enormous seller!!
933,934,5,Enormous Squeaky seller!!
934,935,4,Squeaky Slow seller!!
935,936,4,Gently Used Slow seller!!
936,937,2,Gently Used Squeaky seller!!
937,938,5,Squeaky Slow seller!!
938,939,4,Gently Used Clean seller!!
939,940,1,Squeaky Miniscule seller!!
940,941,3,Clean Slow seller!!
941,942,3,Enormous Miniscule seller!!
942,943,4,Squeaky Miniscule seller!!
943,944,5,Squeaky Enormous seller!!
944,945,1,Clean Enormous seller!!
945,946,4,Clean Squeaky seller!!
946,947,1,Miniscule Clean seller!!
947,948,2,Miniscule Clean seller!!
948,949,5,Clean Slow seller!!
949,950,3,Miniscule Clean seller!!
950,951,2,Squeaky Gently Used seller!!
951,952,2,Clean Miniscule seller!!
952,953,1,Miniscule Slow seller!!
953,954,1,Squeaky Gently Used seller!!
954,955,2,Enormous Slow seller!!
955,956,4,Gently Used Clean seller!!
956,957,4,Squeaky Gently Used seller!!
957,958,4,Squeaky Miniscule seller!!
958,959,3,Enormous Gently Used seller!!
959,960,4,Squeaky Slow seller!!
960,961,4,Enormous Squeaky seller!!
961,962,5,Slow Miniscule seller!!
962,963,3,Enormous Gently Used seller!!
963,964,5,Clean Squeaky seller!!
964,965,5,Gently Used Enormous seller!!
965,966,2,Gently Used Clean seller!!
966,967,1,Clean Enormous seller!!
967,968,5,Slow Squeaky seller!!
968,969,1,Clean Enormous seller!!
969,970,4,Miniscule Enormous seller!!
970,971,3,Miniscule Slow seller!!
971,972,3,Squeaky Clean seller!!
972,973,1,Enormous Gently Used seller!!
973,974,2,Enormous Slow seller!!
974,975,3,Enormous Miniscule seller!!
975,976,4,Miniscule Slow seller!!
976,977,3,Miniscule Squeaky seller!!
977,978,1,Miniscule Enormous seller!!
978,979,5,Squeaky Slow seller!!
979,980,4,Squeaky Miniscule seller!!
980,981,4,Clean Squeaky seller!!
981,982,2,Slow Squeaky seller!!
982,983,5,Slow Clean seller!!
983,984,5,Enormous Gently Used seller!!
984,985,1,Gently Used Squeaky seller!!
985,986,3,Squeaky Clean seller!!
986,987,1,Slow Clean seller!!
987,988,5,Enormous Miniscule seller!!
988,989,3,Enormous Slow seller!!
989,990,1,Squeaky Clean seller!!
990,991,5,Slow Clean seller!!
991,992,2,Gently Used Squeaky seller!!
992,993,2,Clean Slow seller!!
993,994,1,Slow Squeaky seller!!
994,995,2,Enormous Gently Used seller!!
995,996,2,Clean Squeaky seller!!
996,997,4,Gently Used Squeaky seller!!
997,998,4,Gently Used Clean seller!!
998,999,2,Gently Used Enormous seller!!
999,1000,1,Enormous Miniscule seller!!
1000,1001,4,Miniscule Slow seller!!
1001,1002,1,Squeaky Slow seller!!
1002,1003,5,Enormous Gently Used seller!!
1003,1004,4,Enormous Clean seller!!
1004,1005,4,Slow Enormous seller!!
1005,1006,4,Gently Used Enormous seller!!
1006,1007,3,Slow Squeaky seller!!
1007,1008,1,Enormous Squeaky seller!!
1008,1009,5,Gently Used Clean seller!!
1009,1010,2,Slow Gently Used seller!!
1010,1011,5,Squeaky Enormous seller!!
1011,1012,3,Clean Slow seller!!
1012,1013,3,Squeaky Miniscule seller!!
1013,1014,4,Clean Squeaky seller!!
1014,1015,5,Slow Squeaky seller!!
1015,1016,1,Clean Gently Used seller!!
1016,1017,3,Miniscule Gently Used seller!!
1017,1018,4,Miniscule Gently Used seller!!
1018,1019,4,Miniscule Gently Used seller!!
1019,1020,1,Clean Squeaky seller!!
1020,1021,1,Slow Gently Used seller!!
1021,1022,5,Enormous Squeaky seller!!
1022,1023,2,Gently Used Enormous seller!!
1023,1024,4,Miniscule Gently Used seller!!
1024,1025,1,Gently Used Miniscule seller!!
1025,1026,2,Slow Miniscule seller!!
1026,1027,1,Gently Used Clean seller!!
1027,1028,1,Slow Miniscule seller!!
1028,1029,4,Enormous Gently Used seller!!
1029,1030,5,Clean Enormous seller!!
1030,1031,1,Gently Used Enormous seller!!
1031,1032,5,Enormous Slow seller!!
1032,1033,4,Miniscule Enormous seller!!
1033,1034,2,Miniscule Clean seller!!
1034,1035,1,Miniscule Slow seller!!
1035,1036,4,Squeaky Clean seller!!
1036,1037,4,Miniscule Slow seller!!
1037,1038,1,Gently Used Miniscule seller!!
1038,1039,1,Slow Clean seller!!
1039,1040,2,Squeaky Slow seller!!
1040,1041,3,Squeaky Enormous seller!!
1041,1042,4,Squeaky Gently Used seller!!
1042,1043,2,Squeaky Clean seller!!
1043,1044,5,Clean Miniscule seller!!
1044,1045,2,Clean Gently Used seller!!
1045,1046,1,Miniscule Gently Used seller!!
1046,1047,4,Enormous Gently Used seller!!
1047,1048,1,Clean Gently Used seller!!
1048,1049,3,Clean Squeaky seller!!
1049,1050,5,Gently Used Slow seller!!
1050,1051,3,Enormous Gently Used seller!!
1051,1052,1,Miniscule Slow seller!!
1052,1053,2,Miniscule Slow seller!!
1053,1054,3,Clean Miniscule seller!!
1054,1055,1,Enormous Slow seller!!
1055,1056,1,Slow Clean seller!!
1056,1057,1,Squeaky Clean seller!!
1057,1058,5,Enormous Squeaky seller!!
1058,1059,3,Enormous Squeaky seller!!
1059,1060,1,Slow Enormous seller!!
1060,1061,2,Squeaky Slow seller!!
1061,1062,5,Clean Miniscule seller!!
1062,1063,1,Squeaky Clean seller!!
1063,1064,2,Squeaky Enormous seller!!
1064,1065,2,Enormous Slow seller!!
1065,1066,1,Clean Squeaky seller!!
1066,1067,4,Enormous Gently Used seller!!
1067,1068,1,Clean Gently Used seller!!
1068,1069,4,Gently Used Squeaky seller!!
1069,1070,3,Miniscule Squeaky seller!!
1070,1071,3,Miniscule Slow seller!!
1071,1072,1,Gently Used Miniscule seller!!
1072,1073,4,Gently Used Slow seller!!
1073,1074,3,Miniscule Slow seller!!
1074,1075,4,Clean Squeaky seller!!
1075,1076,4,Slow Squeaky seller!!
1076,1077,3,Squeaky Slow seller!!
1077,1078,1,Squeaky Clean seller!!
1078,1079,1,Squeaky Gently Used seller!!
1079,1080,5,Miniscule Gently Used seller!!
1080,1081,4,Enormous Clean seller!!
1081,1082,4,Clean Enormous seller!!
1082,1083,2,Enormous Miniscule seller!!
1083,1084,2,Clean Gently Used seller!!
1084,1085,1,Miniscule Gently Used seller!!
1085,1086,5,Enormous Clean seller!!
1086,1087,5,Miniscule Gently Used seller!!
1087,1088,2,Slow Clean seller!!
1088,1089,5,Miniscule Enormous seller!!
1089,1090,3,Gently Used Enormous seller!!
1090,1091,4,Squeaky Gently Used seller!!
1091,1092,3,Slow Clean seller!!
1092,1093,5,Enormous Gently Used seller!!
1093,1094,3,Miniscule Enormous seller!!
1094,1095,5,Miniscule Enormous seller!!
1095,1096,2,Squeaky Slow seller!!
1096,1097,4,Slow Gently Used seller!!
1097,1098,5,Slow Miniscule seller!!
1098,1099,2,Clean Enormous seller!!
1099,1100,4,Squeaky Miniscule seller!!
1100,1101,1,Miniscule Squeaky seller!!
1101,1102,3,Gently Used Clean seller!!
1102,1103,3,Squeaky Enormous seller!!
1103,1104,4,Miniscule Gently Used seller!!
1104,1105,3,Clean Miniscule seller!!
1105,1106,1,Slow Clean seller!!
1106,1107,4,Gently Used Clean seller!!
1107,1108,2,Gently Used Clean seller!!
1108,1109,2,Miniscule Enormous seller!!
1109,1110,4,Slow Gently Used seller!!
1110,1111,4,Squeaky Enormous seller!!
1111,1112,2,Squeaky Clean seller!!
1112,1113,3,Slow Clean seller!!
1113,1114,1,Slow Squeaky seller!!
1114,1115,5,Clean Gently Used seller!!
1115,1116,3,Clean Slow seller!!
1116,1117,5,Gently Used Clean seller!!
1117,1118,4,Enormous Slow seller!!
1118,1119,2,Miniscule Enormous seller!!
1119,1120,1,Enormous Miniscule seller!!
1120,1121,5,Miniscule Slow seller!!
1121,1122,5,Enormous Squeaky seller!!
1122,1123,4,Enormous Slow seller!!
1123,1124,3,Clean Enormous seller!!
1124,1125,1,Clean Enormous seller!!
1125,1126,2,Clean Gently Used seller!!
1126,1127,3,Slow Squeaky seller!!
1127,1128,4,Squeaky Clean seller!!
1128,1129,1,Enormous Squeaky seller!!
1129,1130,4,Clean Squeaky seller!!
1130,1131,5,Clean Enormous seller!!
1131,1132,1,Enormous Slow seller!!
1132,1133,5,Squeaky Slow seller!!
1133,1134,4,Gently Used Clean seller!!
1134,1135,1,Enormous Squeaky seller!!
1135,1136,5,Gently Used Squeaky seller!!
1136,1137,1,Slow Clean seller!!
1137,1138,4,Enormous Squeaky seller!!
1138,1139,3,Enormous Miniscule seller!!
1139,1140,1,Gently Used Squeaky seller!!
1140,1141,3,Miniscule Squeaky seller!!
1141,1142,4,Squeaky Slow seller!!
1142,1143,1,Squeaky Clean seller!!
1143,1144,2,Clean Gently Used seller!!
1144,1145,5,Gently Used Miniscule seller!!
1145,1146,2,Enormous Clean seller!!
1146,1147,4,Miniscule Gently Used seller!!
1147,1148,2,Gently Used Clean seller!!
1148,1149,4,Clean Enormous seller!!
1149,1150,5,Squeaky Clean seller!!
1150,1151,2,Gently Used Enormous seller!!
1151,1152,2,Enormous Squeaky seller!!
1152,1153,5,Enormous Miniscule seller!!
1153,1154,1,Gently Used Enormous seller!!
1154,1155,5,Slow Miniscule seller!!
1155,1156,2,Miniscule Enormous seller!!
1156,1157,5,Slow Gently Used seller!!
1157,1158,5,Gently Used Squeaky seller!!
1158,1159,3,Slow Miniscule seller!!
1159,1160,2,Gently Used Miniscule seller!!
1160,1161,4,Squeaky Gently Used seller!!
1161,1162,5,Clean Enormous seller!!
1162,1163,4,Slow Miniscule seller!!
1163,1164,1,Squeaky Gently Used seller!!
1164,1165,2,Squeaky Miniscule seller!!
1165,1166,2,Enormous Clean seller!!
1166,1167,1,Enormous Clean seller!!
1167,1168,2,Gently Used Slow seller!!
1168,1169,5,Enormous Slow seller!!
1169,1170,1,Enormous Slow seller!!
1170,1171,1,Squeaky Miniscule seller!!
1171,1172,4,Gently Used Squeaky seller!!
1172,1173,5,Enormous Gently Used seller!!
1173,1174,4,Squeaky Gently Used seller!!
1174,1175,2,Gently Used Clean seller!!
1175,1176,4,Enormous Clean seller!!
1176,1177,5,Squeaky Miniscule seller!!
1177,1178,4,Clean Enormous seller!!
1178,1179,5,Gently Used Clean seller!!
1179,1180,5,Slow Miniscule seller!!
1180,1181,4,Miniscule Gently Used seller!!
1181,1182,3,Slow Clean seller!!
1182,1183,2,Miniscule Slow seller!!
1183,1184,3,Miniscule Slow seller!!
1184,1185,5,Squeaky Clean seller!!
1185,1186,3,Slow Miniscule seller!!
1186,1187,3,Clean Slow seller!!
1187,1188,3,Squeaky Enormous seller!!
1188,1189,5,Enormous Slow seller!!
1189,1190,5,Miniscule Enormous seller!!
1190,1191,4,Enormous Miniscule seller!!
1191,1192,4,Clean Miniscule seller!!
1192,1193,3,Clean Miniscule seller!!
1193,1194,3,Enormous Miniscule seller!!
1194,1195,3,Enormous Slow seller!!
1195,1196,3,Gently Used Clean seller!!
1196,1197,2,Clean Gently Used seller!!
1197,1198,2,Enormous Gently Used seller!!
1198,1199,3,Enormous Gently Used seller!!
1199,1200,1,Enormous Squeaky seller!!
1200,1201,3,Enormous Clean seller!!
1201,1202,2,Squeaky Clean seller!!
1202,1203,3,Gently Used Miniscule seller!!
1203,1204,2,Clean Squeaky seller!!
1204,1205,4,Miniscule Gently Used seller!!
1205,1206,4,Miniscule Gently Used seller!!
1206,1207,3,Gently Used Clean seller!!
1207,1208,1,Slow Clean seller!!
1208,1209,1,Slow Gently Used seller!!
1209,1210,5,Slow Clean seller!!
1210,1211,1,Enormous Gently Used seller!!
1211,1212,3,Miniscule Gently Used seller!!
1212,1213,3,Clean Enormous seller!!
1213,1214,5,Gently Used Enormous seller!!
1214,1215,3,Miniscule Slow seller!!
1215,1216,4,Miniscule Enormous seller!!
1216,1217,5,Slow Miniscule seller!!
1217,1218,1,Enormous Squeaky seller!!
1218,1219,5,Squeaky Slow seller!!
1219,1220,5,Gently Used Squeaky seller!!
1220,1221,3,Miniscule Clean seller!!
1221,1222,1,Gently Used Clean seller!!
1222,1223,5,Gently Used Miniscule seller!!
1223,1224,4,Enormous Miniscule seller!!
1224,1225,1,Squeaky Gently Used seller!!
1225,1226,4,Miniscule Clean seller!!
1226,1227,4,Squeaky Clean seller!!
1227,1228,5,Slow Squeaky seller!!
1228,1229,1,Clean Squeaky seller!!
1229,1230,2,Gently Used Enormous seller!!
1230,1231,5,Miniscule Gently Used seller!!
1231,1232,4,Enormous Clean seller!!
1232,1233,5,Squeaky Clean seller!!
1233,1234,3,Clean Enormous seller!!
1234,1235,4,Slow Miniscule seller!!
1235,1236,4,Enormous Miniscule seller!!
1236,1237,5,Gently Used Miniscule seller!!
1237,1238,2,Gently Used Clean seller!!
1238,1239,1,Gently Used Squeaky seller!!
1239,1240,1,Clean Gently Used seller!!
1240,1241,4,Clean Enormous seller!!
1241,1242,5,Enormous Gently Used seller!!
1242,1243,1,Enormous Clean seller!!
1243,1244,5,Clean Enormous seller!!
1244,1245,3,Enormous Miniscule seller!!
1245,1246,5,Enormous Squeaky seller!!
1246,1247,2,Slow Enormous seller!!
1247,1248,1,Slow Clean seller!!
1248,1249,5,Miniscule Enormous seller!!
1249,1250,5,Squeaky Miniscule seller!!
1250,1251,2,Gently Used Squeaky seller!!
1251,1252,5,Slow Clean seller!!
1252,1253,3,Enormous Gently Used seller!!
1253,1254,2,Miniscule Squeaky seller!!
1254,1255,4,Squeaky Clean seller!!
1255,1256,4,Clean Squeaky seller!!
1256,1257,5,Slow Miniscule seller!!
1257,1258,5,Gently Used Squeaky seller!!
1258,1259,2,Clean Gently Used seller!!
1259,1260,4,Miniscule Squeaky seller!!
1260,1261,1,Squeaky Clean seller!!
1261,1262,1,Clean Slow seller!!
1262,1263,2,Clean Squeaky seller!!
1263,1264,2,Squeaky Clean seller!!
1264,1265,1,Gently Used Miniscule seller!!
1265,1266,1,Slow Enormous seller!!
1266,1267,2,Miniscule Clean seller!!
1267,1268,1,Enormous Clean seller!!
1268,1269,1,Miniscule Slow seller!!
1269,1270,3,Miniscule Squeaky seller!!
1270,1271,5,Squeaky Gently Used seller!!
1271,1272,3,Slow Enormous seller!!
1272,1273,2,Enormous Slow seller!!
1273,1274,5,Miniscule Enormous seller!!
1274,1275,1,Miniscule Clean seller!!
1275,1276,5,Miniscule Clean seller!!
1276,1277,2,Squeaky Clean seller!!
1277,1278,2,Miniscule Gently Used seller!!
1278,1279,1,Miniscule Slow seller!!
1279,1280,4,Enormous Clean seller!!
1280,1281,3,Clean Gently Used seller!!
1281,1282,2,Squeaky Gently Used seller!!
1282,1283,1,Squeaky Miniscule seller!!
1283,1284,3,Slow Gently Used seller!!
1284,1285,4,Enormous Gently Used seller!!
1285,1286,3,Miniscule Gently Used seller!!
1286,1287,3,Slow Miniscule seller!!
1287,1288,4,Slow Miniscule seller!!
1288,1289,1,Gently Used Clean seller!!
1289,1290,5,Gently Used Squeaky seller!!
1290,1291,3,Clean Squeaky seller!!
1291,1292,5,Gently Used Enormous seller!!
1292,1293,4,Miniscule Enormous seller!!
1293,1294,3,Miniscule Slow seller!!
1294,1295,3,Enormous Squeaky seller!!
1295,1296,1,Gently Used Squeaky seller!!
1296,1297,4,Clean Slow seller!!
1297,1298,4,Clean Gently Used seller!!
1298,1299,2,Clean Gently Used seller!!
1299,1300,3,Gently Used Squeaky seller!!
1300,1301,3,Clean Gently Used seller!!
1301,1302,4,Gently Used Clean seller!!
1302,1303,4,Slow Enormous seller!!
1303,1304,3,Clean Enormous seller!!
1304,1305,4,Clean Enormous seller!!
1305,1306,2,Gently Used Miniscule seller!!
1306,1307,4,Enormous Slow seller!!
1307,1308,5,Squeaky Enormous seller!!
1308,1309,4,Enormous Squeaky seller!!
1309,1310,4,Gently Used Clean seller!!
1310,1311,2,Enormous Miniscule seller!!
1311,1312,2,Clean Miniscule seller!!
1312,1313,5,Enormous Miniscule seller!!
1313,1314,5,Gently Used Squeaky seller!!
1314,1315,4,Slow Gently Used seller!!
1315,1316,4,Clean Gently Used seller!!
1316,1317,2,Squeaky Slow seller!!
1317,1318,5,Clean Miniscule seller!!
1318,1319,3,Gently Used Enormous seller!!
1319,1320,4,Clean Gently Used seller!!
1320,1321,2,Squeaky Enormous seller!!
1321,1322,5,Gently Used Squeaky seller!!
1322,1323,4,Clean Miniscule seller!!
1323,1324,4,Gently Used Clean seller!!
1324,1325,4,Gently Used Miniscule seller!!
1325,1326,5,Squeaky Clean seller!!
1326,1327,4,Slow Miniscule seller!!
1327,1328,2,Enormous Miniscule seller!!
1328,1329,2,Miniscule Enormous seller!!
1329,1330,4,Gently Used Squeaky seller!!
1330,1331,3,Squeaky Miniscule seller!!
1331,1332,5,Enormous Gently Used seller!!
1332,1333,1,Gently Used Squeaky seller!!
1333,1334,4,Clean Slow seller!!
1334,1335,4,Slow Miniscule seller!!
1335,1336,5,Enormous Slow seller!!
1336,1337,5,Slow Clean seller!!
1337,1338,5,Enormous Clean seller!!
1338,1339,3,Clean Gently Used seller!!
1339,1340,2,Clean Slow seller!!
1340,1341,3,Enormous Squeaky seller!!
1341,1342,4,Clean Enormous seller!!
1342,1343,1,Clean Enormous seller!!
1343,1344,3,Clean Squeaky seller!!
1344,1345,4,Gently Used Miniscule seller!!
1345,1346,1,Miniscule Gently Used seller!!
1346,1347,3,Miniscule Squeaky seller!!
1347,1348,4,Miniscule Enormous seller!!
1348,1349,4,Squeaky Miniscule seller!!
1349,1350,1,Clean Enormous seller!!
1350,1351,4,Miniscule Slow seller!!
1351,1352,2,Slow Miniscule seller!!
1352,1353,3,Gently Used Slow seller!!
1353,1354,2,Enormous Gently Used seller!!
1354,1355,5,Slow Squeaky seller!!
1355,1356,3,Squeaky Miniscule seller!!
1356,1357,2,Miniscule Slow seller!!
1357,1358,5,Gently Used Miniscule seller!!
1358,1359,1,Miniscule Slow seller!!
1359,1360,4,Squeaky Slow seller!!
1360,1361,2,Gently Used Squeaky seller!!
1361,1362,1,Clean Miniscule seller!!
1362,1363,1,Miniscule Enormous seller!!
1363,1364,2,Miniscule Slow seller!!
1364,1365,2,Squeaky Gently Used seller!!
1365,1366,4,Clean Gently Used seller!!
1366,1367,5,Squeaky Enormous seller!!
1367,1368,4,Enormous Slow seller!!
1368,1369,2,Squeaky Enormous seller!!
1369,1370,5,Miniscule Clean seller!!
1370,1371,5,Clean Slow seller!!
1371,1372,4,Clean Enormous seller!!
1372,1373,1,Miniscule Clean seller!!
1373,1374,1,Squeaky Miniscule seller!!
1374,1375,1,Miniscule Gently Used seller!!
1375,1376,1,Gently Used Slow seller!!
1376,1377,4,Gently Used Clean seller!!
1377,1378,2,Miniscule Slow seller!!
1378,1379,1,Squeaky Gently Used seller!!
1379,1380,3,Squeaky Gently Used seller!!
1380,1381,5,Enormous Gently Used seller!!
1381,1382,5,Miniscule Slow seller!!
1382,1383,4,Miniscule Squeaky seller!!
1383,1384,1,Clean Miniscule seller!!
1384,1385,3,Slow Gently Used seller!!
1385,1386,2,Slow Squeaky seller!!
1386,1387,5,Squeaky Clean seller!!
1387,1388,1,Miniscule Enormous seller!!
1388,1389,5,Miniscule Squeaky seller!!
1389,1390,1,Enormous Squeaky seller!!
1390,1391,1,Slow Miniscule seller!!
1391,1392,2,Enormous Miniscule seller!!
1392,1393,3,Gently Used Slow seller!!
1393,1394,4,Clean Miniscule seller!!
1394,1395,4,Squeaky Gently Used seller!!
1395,1396,1,Clean Enormous seller!!
1396,1397,1,Gently Used Squeaky seller!!
1397,1398,1,Clean Squeaky seller!!
1398,1399,3,Clean Miniscule seller!!
1399,1400,5,Squeaky Gently Used seller!!
1400,1401,2,Miniscule Enormous seller!!
1401,1402,4,Slow Squeaky seller!!
1402,1403,5,Miniscule Slow seller!!
1403,1404,3,Gently Used Squeaky seller!!
1404,1405,1,Squeaky Slow seller!!
1405,1406,4,Squeaky Enormous seller!!
1406,1407,2,Enormous Gently Used seller!!
1407,1408,1,Miniscule Gently Used seller!!
1408,1409,4,Clean Slow seller!!
1409,1410,1,Enormous Slow seller!!
1410,1411,3,Clean Gently Used seller!!
1411,1412,1,Miniscule Slow seller!!
1412,1413,4,Slow Clean seller!!
1413,1414,4,Gently Used Slow seller!!
1414,1415,2,Miniscule Squeaky seller!!
1415,1416,5,Miniscule Gently Used seller!!
1416,1417,1,Miniscule Gently Used seller!!
1417,1418,3,Miniscule Slow seller!!
1418,1419,1,Clean Gently Used seller!!
1419,1420,5,Enormous Slow seller!!
1420,1421,4,Clean Slow seller!!
1421,1422,1,Enormous Squeaky seller!!
1422,1423,2,Gently Used Miniscule seller!!
1423,1424,4,Gently Used Slow seller!!
1424,1425,1,Gently Used Enormous seller!!
1425,1426,3,Slow Gently Used seller!!
1426,1427,1,Miniscule Enormous seller!!
1427,1428,1,Squeaky Gently Used seller!!
1428,1429,5,Enormous Squeaky seller!!
1429,1430,1,Enormous Squeaky seller!!
1430,1431,3,Miniscule Enormous seller!!
1431,1432,5,Squeaky Clean seller!!
1432,1433,4,Slow Clean seller!!
1433,1434,1,Clean Slow seller!!
1434,1435,1,Gently Used Squeaky seller!!
1435,1436,3,Miniscule Clean seller!!
1436,1437,3,Enormous Slow seller!!
1437,1438,2,Miniscule Enormous seller!!
1438,1439,4,Miniscule Gently Used seller!!
1439,1440,5,Squeaky Miniscule seller!!
1440,1441,2,Enormous Squeaky seller!!
1441,1442,5,Clean Gently Used seller!!
1442,1443,1,Enormous Clean seller!!
1443,1444,2,Slow Squeaky seller!!
1444,1445,2,Gently Used Miniscule seller!!
1445,1446,2,Squeaky Slow seller!!
1446,1447,3,Slow Enormous seller!!
1447,1448,1,Gently Used Slow seller!!
1448,1449,4,Miniscule Squeaky seller!!
1449,1450,1,Miniscule Slow seller!!
1450,1451,5,Gently Used Squeaky seller!!
1451,1452,3,Clean Squeaky seller!!
1452,1453,3,Slow Squeaky seller!!
1453,1454,3,Gently Used Miniscule seller!!
1454,1455,3,Miniscule Enormous seller!!
1455,1456,5,Slow Miniscule seller!!
1456,1457,4,Squeaky Slow seller!!
1457,1458,3,Slow Enormous seller!!
1458,1459,2,Squeaky Gently Used seller!!
1459,1460,4,Slow Gently Used seller!!
1460,1461,4,Clean Miniscule seller!!
1461,1462,1,Miniscule Slow seller!!
1462,1463,3,Miniscule Slow seller!!
1463,1464,3,Squeaky Miniscule seller!!
1464,1465,3,Gently Used Miniscule seller!!
1465,1466,2,Squeaky Enormous seller!!
1466,1467,5,Clean Miniscule seller!!
1467,1468,3,Clean Slow seller!!
1468,1469,2,Clean Enormous seller!!
1469,1470,1,Squeaky Gently Used seller!!
1470,1471,4,Squeaky Miniscule seller!!
1471,1472,2,Squeaky Miniscule seller!!
1472,1473,2,Slow Enormous seller!!
1473,1474,1,Miniscule Enormous seller!!
1474,1475,1,Gently Used Enormous seller!!
1475,1476,1,Enormous Squeaky seller!!
1476,1477,5,Slow Squeaky seller!!
1477,1478,4,Miniscule Gently Used seller!!
1478,1479,5,Miniscule Squeaky seller!!
1479,1480,1,Clean Enormous seller!!
1480,1481,1,Clean Enormous seller!!
1481,1482,1,Gently Used Squeaky seller!!
1482,1483,1,Miniscule Gently Used seller!!
1483,1484,5,Squeaky Enormous seller!!
1484,1485,2,Enormous Clean seller!!
1485,1486,3,Enormous Miniscule seller!!
1486,1487,4,Enormous Gently Used seller!!
1487,1488,2,Enormous Miniscule seller!!
1488,1489,3,Miniscule Squeaky seller!!
1489,1490,4,Gently Used Slow seller!!
1490,1491,5,Gently Used Slow seller!!
1491,1492,2,Slow Enormous seller!!
1492,1493,5,Squeaky Gently Used seller!!
1493,1494,2,Squeaky Gently Used seller!!
1494,1495,2,Slow Clean seller!!
1495,1496,4,Miniscule Enormous seller!!
1496,1497,1,Slow Gently Used seller!!
1497,1498,1,Slow Clean seller!!
1498,1499,2,Gently Used Slow seller!!
1499,1500,3,Gently Used Squeaky seller!!
1500,1501,3,Slow Gently Used seller!!
1501,1502,2,Gently Used Squeaky seller!!
1502,1503,2,Enormous Miniscule seller!!
1503,1504,4,Squeaky Miniscule seller!!
1504,1505,4,Enormous Miniscule seller!!
1505,1506,1,Miniscule Slow seller!!
1506,1507,2,Gently Used Enormous seller!!
1507,1508,1,Miniscule Gently Used seller!!
1508,1509,3,Enormous Miniscule seller!!
1509,1510,3,Miniscule Squeaky seller!!
1510,1511,4,Gently Used Miniscule seller!!
1511,1512,2,Miniscule Gently Used seller!!
1512,1513,4,Enormous Squeaky seller!!
1513,1514,5,Miniscule Clean seller!!
1514,1515,1,Squeaky Enormous seller!!
1515,1516,3,Slow Enormous seller!!
1516,1517,2,Slow Squeaky seller!!
1517,1518,4,Gently Used Slow seller!!
1518,1519,2,Gently Used Clean seller!!
1519,1520,2,Clean Enormous seller!!
1520,1521,4,Squeaky Miniscule seller!!
1521,1522,1,Clean Miniscule seller!!
1522,1523,5,Squeaky Enormous seller!!
1523,1524,2,Gently Used Squeaky seller!!
1524,1525,1,Clean Squeaky seller!!
1525,1526,3,Enormous Clean seller!!
1526,1527,5,Enormous Squeaky seller!!
1527,1528,5,Enormous Clean seller!!
1528,1529,3,Gently Used Squeaky seller!!
1529,1530,3,Slow Enormous seller!!
1530,1531,1,Gently Used Clean seller!!
1531,1532,1,Squeaky Gently Used seller!!
1532,1533,2,Clean Miniscule seller!!
1533,1534,5,Miniscule Squeaky seller!!
1534,1535,3,Enormous Squeaky seller!!
1535,1536,3,Enormous Slow seller!!
1536,1537,1,Clean Miniscule seller!!
1537,1538,3,Enormous Gently Used seller!!
1538,1539,3,Miniscule Slow seller!!
1539,1540,1,Clean Enormous seller!!
1540,1541,1,Clean Enormous seller!!
1541,1542,3,Enormous Clean seller!!
1542,1543,3,Miniscule Squeaky seller!!
1543,1544,1,Gently Used Enormous seller!!
1544,1545,2,Miniscule Enormous seller!!
1545,1546,2,Clean Squeaky seller!!
1546,1547,2,Gently Used Clean seller!!
1547,1548,1,Clean Gently Used seller!!
1548,1549,2,Enormous Squeaky seller!!
1549,1550,5,Miniscule Enormous seller!!
1550,1551,5,Slow Miniscule seller!!
1551,1552,5,Squeaky Enormous seller!!
1552,1553,2,Gently Used Slow seller!!
1553,1554,5,Clean Enormous seller!!
1554,1555,4,Slow Miniscule seller!!
1555,1556,3,Miniscule Slow seller!!
1556,1557,3,Enormous Miniscule seller!!
1557,1558,1,Enormous Clean seller!!
1558,1559,2,Slow Clean seller!!
1559,1560,4,Clean Miniscule seller!!
1560,1561,4,Miniscule Squeaky seller!!
1561,1562,2,Gently Used Slow seller!!
1562,1563,3,Clean Gently Used seller!!
1563,1564,5,Clean Enormous seller!!
1564,1565,1,Slow Enormous seller!!
1565,1566,5,Clean Enormous seller!!
1566,1567,1,Enormous Slow seller!!
1567,1568,5,Slow Squeaky seller!!
1568,1569,4,Gently Used Enormous seller!!
1569,1570,4,Gently Used Squeaky seller!!
1570,1571,1,Slow Enormous seller!!
1571,1572,2,Gently Used Squeaky seller!!
1572,1573,3,Squeaky Miniscule seller!!
1573,1574,4,Slow Miniscule seller!!
1574,1575,4,Squeaky Miniscule seller!!
1575,1576,2,Slow Squeaky seller!!
1576,1577,3,Clean Enormous seller!!
1577,1578,3,Enormous Clean seller!!
1578,1579,4,Clean Gently Used seller!!
1579,1580,1,Miniscule Clean seller!!
1580,1581,2,Slow Gently Used seller!!
1581,1582,3,Enormous Gently Used seller!!
1582,1583,2,Squeaky Gently Used seller!!
1583,1584,4,Squeaky Slow seller!!
1584,1585,3,Clean Enormous seller!!
1585,1586,5,Clean Slow seller!!
1586,1587,3,Squeaky Slow seller!!
1587,1588,1,Squeaky Enormous seller!!
1588,1589,5,Squeaky Slow seller!!
1589,1590,1,Enormous Squeaky seller!!
1590,1591,1,Miniscule Clean seller!!
1591,1592,5,Miniscule Squeaky seller!!
1592,1593,3,Squeaky Miniscule seller!!
1593,1594,4,Slow Clean seller!!
1594,1595,5,Squeaky Slow seller!!
1595,1596,2,Slow Enormous seller!!
1596,1597,1,Clean Enormous seller!!
1597,1598,5,Gently Used Miniscule seller!!
1598,1599,4,Gently Used Clean seller!!
1599,1600,5,Gently Used Slow seller!!
1600,1601,1,Clean Enormous seller!!
1601,1602,4,Gently Used Clean seller!!
1602,1603,3,Clean Gently Used seller!!
1603,1604,5,Slow Gently Used seller!!
1604,1605,1,Clean Gently Used seller!!
1605,1606,2,Slow Gently Used seller!!
1606,1607,5,Enormous Gently Used seller!!
1607,1608,1,Enormous Clean seller!!
1608,1609,2,Enormous Clean seller!!
1609,1610,4,Miniscule Squeaky seller!!
1610,1611,3,Miniscule Gently Used seller!!
1611,1612,3,Enormous Miniscule seller!!
1612,1613,2,Gently Used Squeaky seller!!
1613,1614,3,Miniscule Slow seller!!
1614,1615,2,Squeaky Miniscule seller!!
1615,1616,3,Miniscule Clean seller!!
1616,1617,5,Clean Squeaky seller!!
1617,1618,4,Miniscule Squeaky seller!!
1618,1619,1,Clean Enormous seller!!
1619,1620,1,Squeaky Clean seller!!
1620,1621,1,Squeaky Slow seller!!
1621,1622,2,Miniscule Clean seller!!
1622,1623,4,Gently Used Clean seller!!
1623,1624,2,Gently Used Slow seller!!
1624,1625,2,Slow Gently Used seller!!
1625,1626,3,Clean Enormous seller!!
1626,1627,3,Squeaky Miniscule seller!!
1627,1628,3,Gently Used Enormous seller!!
1628,1629,1,Enormous Clean seller!!
1629,1630,5,Gently Used Enormous seller!!
1630,1631,1,Clean Enormous seller!!
1631,1632,1,Clean Squeaky seller!!
1632,1633,2,Enormous Squeaky seller!!
1633,1634,5,Gently Used Miniscule seller!!
1634,1635,1,Gently Used Slow seller!!
1635,1636,1,Squeaky Gently Used seller!!
1636,1637,2,Gently Used Slow seller!!
1637,1638,3,Slow Squeaky seller!!
1638,1639,4,Miniscule Enormous seller!!
1639,1640,1,Miniscule Slow seller!!
1640,1641,5,Clean Enormous seller!!
1641,1642,3,Gently Used Miniscule seller!!
1642,1643,4,Squeaky Miniscule seller!!
1643,1644,3,Miniscule Gently Used seller!!
1644,1645,4,Miniscule Slow seller!!
1645,1646,3,Enormous Clean seller!!
1646,1647,4,Clean Gently Used seller!!
1647,1648,4,Gently Used Clean seller!!
1648,1649,1,Gently Used Miniscule seller!!
1649,1650,5,Gently Used Clean seller!!
1650,1651,4,Slow Clean seller!!
1651,1652,1,Miniscule Clean seller!!
1652,1653,3,Enormous Gently Used seller!!
1653,1654,1,Slow Enormous seller!!
1654,1655,2,Slow Miniscule seller!!
1655,1656,5,Slow Squeaky seller!!
1656,1657,4,Enormous Miniscule seller!!
1657,1658,4,Gently Used Slow seller!!
1658,1659,4,Clean Miniscule seller!!
1659,1660,4,Clean Miniscule seller!!
1660,1661,1,Squeaky Slow seller!!
1661,1662,4,Miniscule Slow seller!!
1662,1663,3,Enormous Clean seller!!
1663,1664,1,Slow Clean seller!!
1664,1665,4,Miniscule Clean seller!!
1665,1666,5,Gently Used Slow seller!!
1666,1667,5,Miniscule Enormous seller!!
1667,1668,4,Clean Gently Used seller!!
1668,1669,5,Enormous Slow seller!!
1669,1670,2,Enormous Squeaky seller!!
1670,1671,4,Gently Used Enormous seller!!
1671,1672,3,Clean Enormous seller!!
1672,1673,5,Clean Squeaky seller!!
1673,1674,3,Slow Clean seller!!
1674,1675,3,Slow Squeaky seller!!
1675,1676,3,Gently Used Slow seller!!
1676,1677,1,Slow Squeaky seller!!
1677,1678,5,Clean Enormous seller!!
1678,1679,3,Enormous Clean seller!!
1679,1680,1,Miniscule Squeaky seller!!
1680,1681,3,Squeaky Clean seller!!
1681,1682,3,Enormous Slow seller!!
1682,1683,3,Clean Squeaky seller!!
1683,1684,1,Slow Squeaky seller!!
1684,1685,4,Slow Enormous seller!!
1685,1686,5,Squeaky Clean seller!!
1686,1687,2,Slow Miniscule seller!!
1687,1688,4,Slow Squeaky seller!!
1688,1689,3,Squeaky Enormous seller!!
1689,1690,5,Miniscule Enormous seller!!
1690,1691,1,Enormous Gently Used seller!!
1691,1692,3,Gently Used Enormous seller!!
1692,1693,2,Miniscule Squeaky seller!!
1693,1694,2,Squeaky Enormous seller!!
1694,1695,1,Squeaky Miniscule seller!!
1695,1696,1,Enormous Gently Used seller!!
1696,1697,1,Miniscule Squeaky seller!!
1697,1698,3,Gently Used Slow seller!!
1698,1699,4,Squeaky Miniscule seller!!
1699,1700,3,Gently Used Squeaky seller!!
1700,1701,4,Squeaky Gently Used seller!!
1701,1702,4,Gently Used Miniscule seller!!
1702,1703,4,Squeaky Clean seller!!
1703,1704,5,Gently Used Miniscule seller!!
1704,1705,5,Miniscule Squeaky seller!!
1705,1706,5,Slow Miniscule seller!!
1706,1707,4,Enormous Gently Used seller!!
1707,1708,2,Miniscule Slow seller!!
1708,1709,3,Slow Gently Used seller!!
1709,1710,5,Slow Enormous seller!!
1710,1711,4,Enormous Slow seller!!
1711,1712,4,Clean Enormous seller!!
1712,1713,5,Gently Used Squeaky seller!!
1713,1714,3,Squeaky Miniscule seller!!
1714,1715,4,Slow Enormous seller!!
1715,1716,5,Enormous Squeaky seller!!
1716,1717,1,Miniscule Slow seller!!
1717,1718,2,Squeaky Miniscule seller!!
1718,1719,4,Enormous Squeaky seller!!
1719,1720,5,Gently Used Slow seller!!
1720,1721,3,Gently Used Enormous seller!!
1721,1722,2,Gently Used Miniscule seller!!
1722,1723,4,Gently Used Enormous seller!!
1723,1724,3,Miniscule Squeaky seller!!
1724,1725,1,Gently Used Miniscule seller!!
1725,1726,3,Miniscule Slow seller!!
1726,1727,2,Clean Gently Used seller!!
1727,1728,1,Miniscule Enormous seller!!
1728,1729,4,Slow Gently Used seller!!
1729,1730,1,Gently Used Enormous seller!!
1730,1731,2,Clean Squeaky seller!!
1731,1732,4,Slow Gently Used seller!!
1732,1733,2,Slow Enormous seller!!
1733,1734,2,Enormous Miniscule seller!!
1734,1735,1,Gently Used Clean seller!!
1735,1736,4,Miniscule Gently Used seller!!
1736,1737,1,Miniscule Clean seller!!
1737,1738,2,Miniscule Gently Used seller!!
1738,1739,5,Slow Gently Used seller!!
1739,1740,2,Clean Gently Used seller!!
1740,1741,2,Miniscule Squeaky seller!!
1741,1742,2,Enormous Squeaky seller!!
1742,1743,1,Gently Used Clean seller!!
1743,1744,2,Slow Miniscule seller!!
1744,1745,3,Gently Used Enormous seller!!
1745,1746,3,Clean Miniscule seller!!
1746,1747,2,Squeaky Gently Used seller!!
1747,1748,4,Clean Gently Used seller!!
1748,1749,5,Gently Used Miniscule seller!!
1749,1750,2,Enormous Gently Used seller!!
1750,1751,3,Clean Slow seller!!
1751,1752,1,Clean Squeaky seller!!
1752,1753,2,Slow Miniscule seller!!
1753,1754,1,Enormous Squeaky seller!!
1754,1755,2,Miniscule Squeaky seller!!
1755,1756,3,Gently Used Miniscule seller!!
1756,1757,3,Gently Used Clean seller!!
1757,1758,5,Gently Used Miniscule seller!!
1758,1759,2,Clean Gently Used seller!!
1759,1760,4,Squeaky Enormous seller!!
1760,1761,5,Enormous Squeaky seller!!
1761,1762,1,Gently Used Enormous seller!!
1762,1763,3,Enormous Squeaky seller!!
1763,1764,5,Clean Miniscule seller!!
1764,1765,2,Slow Clean seller!!
1765,1766,2,Miniscule Squeaky seller!!
1766,1767,2,Clean Gently Used seller!!
1767,1768,5,Enormous Gently Used seller!!
1768,1769,1,Gently Used Clean seller!!
1769,1770,1,Gently Used Enormous seller!!
1770,1771,3,Gently Used Enormous seller!!
1771,1772,2,Miniscule Slow seller!!
1772,1773,2,Gently Used Enormous seller!!
1773,1774,4,Squeaky Clean seller!!
1774,1775,3,Enormous Gently Used seller!!
1775,1776,4,Slow Miniscule seller!!
1776,1777,5,Enormous Slow seller!!
1777,1778,5,Clean Squeaky seller!!
1778,1779,1,Squeaky Miniscule seller!!
1779,1780,5,Clean Slow seller!!
1780,1781,5,Slow Clean seller!!
1781,1782,1,Gently Used Clean seller!!
1782,1783,4,Slow Miniscule seller!!
1783,1784,4,Gently Used Enormous seller!!
1784,1785,1,Slow Gently Used seller!!
1785,1786,5,Squeaky Miniscule seller!!
1786,1787,5,Squeaky Enormous seller!!
1787,1788,2,Clean Slow seller!!
1788,1789,2,Gently Used Slow seller!!
1789,1790,5,Slow Gently Used seller!!
1790,1791,2,Enormous Clean seller!!
1791,1792,3,Enormous Miniscule seller!!
1792,1793,4,Gently Used Clean seller!!
1793,1794,1,Enormous Squeaky seller!!
1794,1795,3,Gently Used Squeaky seller!!
1795,1796,1,Slow Miniscule seller!!
1796,1797,4,Slow Gently Used seller!!
1797,1798,3,Clean Slow seller!!
1798,1799,4,Enormous Slow seller!!
1799,1800,2,Squeaky Slow seller!!
1800,1801,3,Enormous Slow seller!!
1801,1802,1,Miniscule Clean seller!!
1802,1803,5,Miniscule Gently Used seller!!
1803,1804,5,Clean Enormous seller!!
1804,1805,3,Clean Squeaky seller!!
1805,1806,3,Enormous Squeaky seller!!
1806,1807,1,Enormous Clean seller!!
1807,1808,5,Squeaky Miniscule seller!!
1808,1809,1,Slow Squeaky seller!!
1809,1810,3,Enormous Miniscule seller!!
1810,1811,1,Miniscule Slow seller!!
1811,1812,5,Clean Enormous seller!!
1812,1813,5,Miniscule Clean seller!!
1813,1814,4,Miniscule Gently Used seller!!
1814,1815,2,Clean Gently Used seller!!
1815,1816,1,Squeaky Enormous seller!!
1816,1817,3,Squeaky Enormous seller!!
1817,1818,5,Enormous Miniscule seller!!
1818,1819,2,Clean Enormous seller!!
1819,1820,4,Squeaky Clean seller!!
1820,1821,2,Squeaky Gently Used seller!!
1821,1822,3,Enormous Miniscule seller!!
1822,1823,5,Clean Enormous seller!!
1823,1824,3,Clean Slow seller!!
1824,1825,2,Slow Gently Used seller!!
1825,1826,1,Enormous Clean seller!!
1826,1827,2,Gently Used Enormous seller!!
1827,1828,3,Enormous Squeaky seller!!
1828,1829,5,Slow Enormous seller!!
1829,1830,3,Miniscule Squeaky seller!!
1830,1831,5,Gently Used Miniscule seller!!
1831,1832,5,Miniscule Enormous seller!!
1832,1833,4,Miniscule Enormous seller!!
1833,1834,5,Clean Enormous seller!!
1834,1835,4,Clean Miniscule seller!!
1835,1836,1,Miniscule Clean seller!!
1836,1837,2,Enormous Squeaky seller!!
1837,1838,5,Slow Miniscule seller!!
1838,1839,2,Gently Used Slow seller!!
1839,1840,1,Miniscule Enormous seller!!
1840,1841,4,Slow Gently Used seller!!
1841,1842,2,Squeaky Miniscule seller!!
1842,1843,2,Squeaky Enormous seller!!
1843,1844,4,Squeaky Miniscule seller!!
1844,1845,5,Slow Gently Used seller!!
1845,1846,1,Enormous Gently Used seller!!
1846,1847,4,Gently Used Miniscule seller!!
1847,1848,1,Gently Used Squeaky seller!!
1848,1849,4,Slow Gently Used seller!!
1849,1850,3,Slow Gently Used seller!!
1850,1851,5,Slow Squeaky seller!!
1851,1852,4,Slow Miniscule seller!!
1852,1853,1,Miniscule Enormous seller!!
1853,1854,2,Miniscule Gently Used seller!!
1854,1855,3,Squeaky Enormous seller!!
1855,1856,3,Gently Used Enormous seller!!
1856,1857,4,Clean Squeaky seller!!
1857,1858,2,Miniscule Clean seller!!
1858,1859,5,Enormous Gently Used seller!!
1859,1860,3,Enormous Gently Used seller!!
1860,1861,5,Clean Enormous seller!!
1861,1862,5,Gently Used Enormous seller!!
1862,1863,3,Enormous Gently Used seller!!
1863,1864,4,Miniscule Squeaky seller!!
1864,1865,1,Miniscule Clean seller!!
1865,1866,2,Gently Used Slow seller!!
1866,1867,5,Gently Used Slow seller!!
1867,1868,5,Squeaky Gently Used seller!!
1868,1869,5,Gently Used Miniscule seller!!
1869,1870,2,Enormous Gently Used seller!!
1870,1871,3,Slow Squeaky seller!!
1871,1872,4,Slow Miniscule seller!!
1872,1873,3,Clean Miniscule seller!!
1873,1874,5,Miniscule Slow seller!!
1874,1875,5,Clean Slow seller!!
1875,1876,2,Clean Miniscule seller!!
1876,1877,4,Enormous Slow seller!!
1877,1878,2,Miniscule Clean seller!!
1878,1879,5,Clean Slow seller!!
1879,1880,2,Slow Enormous seller!!
1880,1881,5,Slow Enormous seller!!
1881,1882,3,Clean Gently Used seller!!
1882,1883,4,Miniscule Slow seller!!
1883,1884,5,Gently Used Squeaky seller!!
1884,1885,1,Gently Used Clean seller!!
1885,1886,4,Slow Miniscule seller!!
1886,1887,1,Enormous Clean seller!!
1887,1888,3,Miniscule Gently Used seller!!
1888,1889,5,Miniscule Gently Used seller!!
1889,1890,3,Enormous Squeaky seller!!
1890,1891,4,Enormous Squeaky seller!!
1891,1892,1,Slow Enormous seller!!
1892,1893,3,Miniscule Slow seller!!
1893,1894,4,Enormous Squeaky seller!!
1894,1895,5,Slow Gently Used seller!!
1895,1896,3,Gently Used Miniscule seller!!
1896,1897,1,Squeaky Clean seller!!
1897,1898,4,Clean Squeaky seller!!
1898,1899,3,Miniscule Gently Used seller!!
1899,1900,2,Slow Squeaky seller!!
1900,1901,1,Clean Squeaky seller!!
1901,1902,5,Miniscule Slow seller!!
1902,1903,1,Slow Gently Used seller!!
1903,1904,2,Clean Squeaky seller!!
1904,1905,4,Gently Used Squeaky seller!!
1905,1906,1,Miniscule Slow seller!!
1906,1907,2,Gently Used Squeaky seller!!
1907,1908,2,Squeaky Enormous seller!!
1908,1909,2,Miniscule Gently Used seller!!
1909,1910,3,Squeaky Miniscule seller!!
1910,1911,1,Gently Used Squeaky seller!!
1911,1912,3,Miniscule Enormous seller!!
1912,1913,1,Miniscule Enormous seller!!
1913,1914,5,Gently Used Squeaky seller!!
1914,1915,1,Squeaky Clean seller!!
1915,1916,5,Slow Clean seller!!
1916,1917,1,Slow Miniscule seller!!
1917,1918,2,Slow Squeaky seller!!
1918,1919,1,Enormous Squeaky seller!!
1919,1920,3,Slow Gently Used seller!!
1920,1921,4,Squeaky Clean seller!!
1921,1922,5,Miniscule Slow seller!!
1922,1923,1,Slow Miniscule seller!!
1923,1924,4,Miniscule Gently Used seller!!
1924,1925,3,Miniscule Clean seller!!
1925,1926,2,Squeaky Slow seller!!
1926,1927,3,Gently Used Clean seller!!
1927,1928,3,Gently Used Miniscule seller!!
1928,1929,2,Squeaky Gently Used seller!!
1929,1930,5,Enormous Miniscule seller!!
1930,1931,2,Gently Used Squeaky seller!!
1931,1932,4,Slow Squeaky seller!!
1932,1933,3,Slow Enormous seller!!
1933,1934,3,Clean Miniscule seller!!
1934,1935,3,Squeaky Gently Used seller!!
1935,1936,2,Miniscule Enormous seller!!
1936,1937,3,Enormous Miniscule seller!!
1937,1938,5,Squeaky Gently Used seller!!
1938,1939,5,Miniscule Clean seller!!
1939,1940,5,Squeaky Clean seller!!
1940,1941,3,Squeaky Slow seller!!
1941,1942,4,Clean Slow seller!!
1942,1943,3,Slow Gently Used seller!!
1943,1944,1,Enormous Gently Used seller!!
1944,1945,1,Gently Used Clean seller!!
1945,1946,4,Clean Squeaky seller!!
1946,1947,2,Slow Squeaky seller!!
1947,1948,5,Enormous Slow seller!!
1948,1949,4,Squeaky Clean seller!!
1949,1950,5,Miniscule Slow seller!!
1950,1951,2,Enormous Squeaky seller!!
1951,1952,2,Gently Used Enormous seller!!
1952,1953,3,Clean Enormous seller!!
1953,1954,3,Enormous Miniscule seller!!
1954,1955,4,Clean Enormous seller!!
1955,1956,2,Squeaky Enormous seller!!
1956,1957,3,Miniscule Slow seller!!
1957,1958,4,Squeaky Enormous seller!!
1958,1959,2,Squeaky Gently Used seller!!
1959,1960,5,Slow Miniscule seller!!
1960,1961,3,Miniscule Gently Used seller!!
1961,1962,1,Squeaky Clean seller!!
1962,1963,2,Slow Clean seller!!
1963,1964,5,Squeaky Clean seller!!
1964,1965,2,Enormous Squeaky seller!!
1965,1966,3,Clean Enormous seller!!
1966,1967,1,Miniscule Gently Used seller!!
1967,1968,5,Clean Slow seller!!
1968,1969,2,Slow Enormous seller!!
1969,1970,4,Miniscule Squeaky seller!!
1970,1971,2,Miniscule Squeaky seller!!
1971,1972,2,Slow Enormous seller!!
1972,1973,2,Clean Slow seller!!
1973,1974,2,Clean Slow seller!!
1974,1975,1,Enormous Squeaky seller!!
1975,1976,2,Slow Gently Used seller!!
1976,1977,1,Miniscule Slow seller!!
1977,1978,4,Squeaky Enormous seller!!
1978,1979,1,Gently Used Clean seller!!
1979,1980,1,Enormous Squeaky seller!!
1980,1981,1,Gently Used Enormous seller!!
1981,1982,2,Slow Enormous seller!!
1982,1983,1,Slow Enormous seller!!
1983,1984,1,Miniscule Slow seller!!
1984,1985,3,Gently Used Clean seller!!
1985,1986,4,Clean Miniscule seller!!
1986,1987,3,Enormous Slow seller!!
1987,1988,4,Squeaky Enormous seller!!
1988,1989,5,Slow Enormous seller!!
1989,1990,5,Squeaky Clean seller!!
1990,1991,1,Clean Slow seller!!
1991,1992,5,Gently Used Clean seller!!
1992,1993,5,Clean Miniscule seller!!
1993,1994,4,Enormous Clean seller!!
1994,1995,4,Gently Used Clean seller!!
1995,1996,4,Squeaky Slow seller!!
1996,1997,5,Enormous Gently Used seller!!
1997,1998,2,Slow Squeaky seller!!
1998,1999,5,Squeaky Miniscule seller!!
1999,2000,1,Clean Squeaky seller!!
2000,1,4,Slow Gently Used seller!!
